GGJX01000001	TCTATATCATACTAAATTTTTATTCATTGGATCATGAGATAATATACACATATAGATAGTTTTGGATGAAATGCCCACTTCTGTTCACACTTCTGCACTACTGCCACTACATTCTTGGACTGCTTCTGCCGCTATATTCCCACCACAAGGGACCATTCTTTTATTATTAGACAAAACAAGTTAAATCCGATTGAAAAGTATACAGACAAAACCTTCTACTATAGAAATAAATAACCCG
GGJX01000002	TTTGTCCATTTGTCAAACACTATCTATATATGTTTTGATAATTTCATAGTCGCTTTTAAAGAGCATCAACAACAACCACACGCTTCTCAAACATCAAACCAAGCCTCTCTTTCACTTCCTCATGGAATATTCCGACGACGGCAGATTCGACGTGATTGTCGTTGGAGCAGGAGTTATGGGAAGCTCCGCCGCGTATCAGCTGGCAAAAAGAGGCCAGAAGACTCTTTTGTTAGAGCAATTCGATTTCCTCCATCACCGTGGCTCTTCTCACGGCGAGTCACGCACCATACGTGCCACTTACCCGGAGGATTACTACTACTCCATGGTTTCCGAGTCGACTCGGTTATGGGCTGCGGCTCAGTCCGAGATTGGATACAAAGTTCATTTTCCAACTCAACAATTCGACATGGGTCCGGCAGATCAGCAGAGTCTCCTCTCCGTTGTGGCCACGTGTCAAAAACACGGGCTAGCTCATCGGGTTATGGATTCTCATGCAGTTTCCGAGCATTTCTCCGGGAGGATTAGTATCCCGGAGAATTGGATCGGAGTTTCGACGGAACTTGGTGGGATTATCAAACCCACCAAG
GGJX01000003	GATTGCAGAAAAGTAGAAGATAAACTCAGGATATCGTGTAGAATCCCGTGGAGTTCCAATGGAGGATCCCCCAAATTGATTGCGTTGATCAACTGCTTGGAATCGGACGCTATTACAATGTTTTGGATACCCAAAGTCGATGCATGGCAGAGAGCTTCGTGGATGGCGAGAGCTTCCGCTAAAAGAGGTGATCGAACATTCCTTCTTGAATTAGATCCAATCCTACTTGTTTCAGTGATGGTGGGATTGAAAATCCATCCTAAACCAACCAATTTATGTTCTTTGTTCCAGGCAGCGTCGGTTTGGCAGATACTAGTGTTGTTTGAGATTGAAATGATTTTCCCTAGGGTTTGCTGCAG
GGJX01000004	TGATAATGAGATTTACCAATAGTAGGCATGGTTGTGGTAAGGGTTTCTCCGGTTTTGAGTTTGTGCATTATTGATGATTTTCCGGCAGCGTCGAGACCGAACAACACTATCCTCGATTCTTCTTGGTGGAAAAAACCGGCAAATGGCTTTCCCAGAGTCGTCCCCATTTTTTTCTGGTTCTTGCAACGAAGTTGACTTTGTTTGTTTCGCTTTGGAAAATCTGAATCACAAGGAGAGTCCTTGAGAGAGTTTTTCAAAGTCAAGTGGTGGTTAAAGCTTAAGAGTTAAGAGTTGTCTAGTCTGTTTCAAGATCCGAGGAATCAAAATAAAAAGTTA
GGJX01000005	ATCCGACATCGGAAAGCAAAAAGCTACGATTTAGTTACATGACGAAGTCGCTCAACAAAGAAGGTTCTTCGTCTCCTCCAACGGTCGAACAGAGGTTCATAAGACCGGTTCCGCCGGAAAACCTTTACAACGGCGTCGTTTTTGAGGAAGGAACGATGGTTGATGCTGATTACAAACACAGATGGAGAACCGGCGTTGTGATAAATA
GGJX01000006	GCGTGGACGATGTTTATATTGATATGGGCACTTTATTCTTCCTTCTTCACTCCATTGGAATTCGGATTCTTCAGGGGATTACCAGAGAATCTGTTCATCCTCGATATCGCTGGCCAAATCGCTTTCTTAGTAGATATTGTCTTGACATTCTTCGTTGCTTATCGTGATAGCCGAACTTATAGAATGATCTATAAACGCAGCTCAATTGCTTTACGGTATTCAAACTCTACTCTGTTTCTG
GGJX01000007	GGAGAAGAATGGGTTCCTCCATGCAAGGATTTAAGAAACTGGCATGAAAAGTTTAGGGTTCTTCTTAAGGATGGATTGCTTCAGGAGCATCTTGCTTTGGGCTTTTTGGACAAAGATATAGTTTTGTCAGATTCCCTGTCAAGGGCACTCGGCATTGAAGACTATGGACCGAAGACTTTGGTGCAAATTCTTTCTTCATTGAGTCACAAGAATGGTTGTCTACAATCAATGGGCTTTACATGGTTATCGTCTATTCTTACTGAACTTTACCTACTATTCCGTTCTTCTGGGCATGGTAATGTAGAGTTAGGTATAGATAAGAGTCTTATAGATGACCTTCACAAGATCCCATTTATTCCCCTCTCAAATGGTAAGTTCACCTCTTTAGATGAAGGCGCAGTGTGGTTGCACCATGACACCACTGGGTTAGATCTTGGTGATGTATTTGAAGCATTTCCTGTGTTATATGGAAATCTCCGAACCATTGATCATTCCCTTCTTTTGGCGTCTTCTGTTGATGAAAAATCCTCTGTGGATGACCTTGTAAACATGCTTTGTGCAATTGGCGTTCAAAAGCTGTCAGCACATGAAATCGTTAAAGCTCATATATTACCAGCCTTTGAGGCAAGGAGTACAGGTGCAGTGGACGGTTTAATGGTTGATTACTTATGCTTTGTGATGACACATCTACGATCTGGCTGTCATATTTGTCTGAAGGAGAGGAAGTACATTATTTCTGAGTTGAGAAGCAAAGCTCTGGTATTATCAAATTATGGGTTGAAACAGCTAGGTGAAGGGTCAATTCATTTCGGTGAAGAATATGGAAACCAGGTCAACATGAAGAAGCTTACCAAAAACTTGGATATATCATGGCATGTGGTTGATGGTACCTACTTGAAACATCCAGCATCAAAATTTTATGCATGCGGATTGAAGGAGTGGCG
GGJX01000008	TCCATCCTTAAGAAGAACCCTAATCTTTTCATTCCAGTTTCTTAAAACCTTGCAAGGAGGAACCCATTCTTCACCGTCTCCCTCAAGCAACAAGCAATTGGTTGTTCTCAATCTAGATATAATAGAACGAGGGAGAGAAGAAAAGAACCCATGCACTTCCCCGACGAGAGGTACAAGCTGCATGTATGAGGAGACACCTTTACCCAGATTCTGGGTGAAAGAAGGAAGACTGCAAAAGGACCTTAACGCATCCACAAACAAACCCGGAAATTCTGACAACAGCCACTGGTTCCAAGGACTATCCTCATCAACATCCTCCCTTGATGATGTAAGAATGAAATCCCCTTGTATAATAAATTTCAAACCATAAGTTCTTAGAGGAAGAAAAGCAAAAACAGGTTCTTGAATCATACATGATCTGTAAGTTCCATCTTCCAGCATGTCAAGAGTGAATCCTATGGAAATTTCTGTTGTCTGAACATCATCACGAAGATTGGTAGCCTTTAATTTCTCTGATGCCACAAACCATGTCATGCTATTTTCCCCACATGAAACCTTTACGATATTCTTGCTCACAACCTCTTTCCTCATGACCAAGAGAGAATCGTCAAGCACGTTTCTGTATACTATGCACTGGAGGCGATGTAGGAAGAGTAATAAAGAAGGGTGAAGGTCTGAAAACATAGGTTCAATGTGATTCACTGTTGTTCTTTCGGAATCAATGGCTCTGAAAGGAAGTGTAATGCAAGTGTTCCATCCTGCATCCTTCAGGTGTAAAGCACGGCCAGATAACATGCTGCTAAGCGATTCAATATCATGAGGAGGCACAACAGTCGGTAAAATATATCCAATCTGACCCTCACTTATATCAAACTTGAAATGGAAACCATTTGAGTGGATCTCAGGAGCATCAGAAACCCGAAACACTGACTTGAAGCCAATTCCTTTCTTCCCTATGTATCCACCAGATCCTTTCTTTGTGGATTGACCAACATCACACAGGGCCCGAATGTTCTCAGGCATGAAGCCACACTCGTTGTTTAAAACAACAATCCCGGTCTTTTGAAGAATGAATGTGAGTGTGGGTTCCACGTGTTCAGGGTATTTATTGTCATCAGCATTTTGAACAAGTTCAAGAATGAAGTGTGAATCTTGAGAATACAGTTCTTGGGACAAACACTGAAGTGCTCTTCCTAACCGAGCATGTTGTTTCTGCAGCATACTCATCTCAGAACCAGAAGAAGTTAAATCCAACCCAAACTCATCCCGTCTGATTGAATCAATAACAGAGGCTCGATTATCATAAAATTCAGGTG
GGJX01000009	TATTAGGTGTATCAATATATTCCTCGTAAAAAAGTGCACTGTTGGAACCTAGAGAGCCATCAATAAATGCTTTGACGCCACCGAGATATAACCATTCACTCAGTACAGATCCCTTCTGCAGCTTAAGATCCAATAAACGTGACCACGTTGTGATGGGAAAAAACAAGCAAGTCCGTATCATCATCTTCTTCGAGGAATCAGCATATAGATAGACATCTTGAAAGTCTTTCCAGGAGAGCTCATCTGTGGTGCCAGGAAAGTATCTTCCAAGATCAATAACAGTTGTCACGCCTCTAGTCAAAGCATATTTGCTAGCTCTAAATAGTGCTTCCCTACGTTCATCCACTGAGATTTCTTTAACCCAGGGGGTGACAAGCTCCATAGCAGCATCGATCAAAAGTCCTGTCGGCTCGCCACTAGGCATCCTCATTATCGTTCCACCAACTGGATCTTCCGTTAAACTTATAACACCAGCAATCTTGAGCGCAAGGGAATTTGCCAATGCCATATGACCATCCATCCTAATCAACCAAACAGGATTACGAGGGGAGATTTCATCAATCCATGATGCAGAGGGCAATTCTCCTCCCCAGAAATCATTGTTCCAGCCACCACCCAAAATCCATGAGCCTTCTTTTGCATCTAATTTTTTTTTGTTACACATATAAAAGCAGCATAGTAATTTAAATACTCTCCCACTACTAAGAACCCCAACGTAAGCAAAAAATGTTCAATGTACACTGTACACTGTAAATCATAACTAAAAACAGACACCAATAAAGAAGTGTAACCACAATATGATTGTTCATATAATAATGAAATATTAATTACTCTGCACAGCGTCCTTCACCATTTTACAAAACTCATCTTTTTGACTCACTCCACGAAGTCCAACTTGGGCCATCTATGCTCAAGCGATAAGACATTAAAAGCAAAAGGAAAAGATATAAGGTAAACGAGAGTATAGTATACTTCTTCATATCTAAACCTGATCAAACAATGGCATGTAATCATCTAATCTCAGGTTAACTTAACAATATACATAATTACATATCATTGCAAGAAGAAAGAACACAGAAATAAGTTTGCACTATGCCATTATCACCTGTAATCCCCCAGAAATCAGATGAACATGTGAATCAATAAGTCCAGGCACTACAATCTTCCCCTCCAGATTCACCTCCATAGTTCCATCTCCTATAAAACCCTTGAGAGTGGCAAAGCTTCCAACTTTAAGAATCCTGCCATTACGAATCGCCATGGAATCGGCAAAAGGCAAAGAGCTATCGCTGGTGAAGATTGTTCCATTGGTCACTAACAAATCCGCCACGATACCAGCCGGTGGTGTAAGAGACTTGAGAGTTGACCAATATAAGTCGTTGAGCAAAGGAAGATACGCGACGGAGATAAGGAGGAACACGGCAGCTGAAACGATGACGAAGAGGTTCATAGTCAGTCGCCGGAGAAATTCTTAAAACAGAAACAACAACAACTACAGTATGACGAAGTGGATTTCGTCCCACCTGAAACAAAACCGATCATAACCGGAAACTCATACCAACCGGTCATAACCGGAAGTTGATACAATGCTG
GGJX01000010	ACTGGATCTGACCTAGGCAGAGGTTGTTTCCAGTTCAGATTTGAATATGAAGAGGACCTCCAGAAAGTCCTTGATAATAGACCCTACCACTTTGGTCAGTGGATGGTCATTCTCCAGAGGTGGAAACCAGTGATCTCACCTTCCTTCCCCTCAGAAATCCCTTTTTGGATTGAACTGCAGGGCCTTCCAATGCACTACTGGATAAAAGAAATGCTTTATGCCATAGGCAAGGAAGCTGGGGAGGTAGTGGACCATGAAATTTCACCAGCTGCAGCAAAGATAAAAGTCCTCATTAACGGGCTCCAACCTATTACAAAAGAAACAGTGGTGGAATTCCCTGATGGTAGTGAAGCATTGGTTTACCTGGAATACAAAAATCTGAAGAGCCATTGTCATCATTGTCAACGCCTCTCTCATGCTGAAGCTGATTGTCCTGGCCTAAAGAAAGTAGAGGCGGTAAGCAAAACATCAAAGCTCACTCCCCCTGAGCAGCCTCCCCAAAATTATGCAGAGAGAAACAAAGGTAGTAAACAAAATCCCAGGGCATCCCACGACAAGTTACTTTCCTCTCACTCGGGTTTATCTAGACCCCTCGGTGATTACAATCTCTACAAGAGAAAATCAGATGGCAGGAATGGGA
GGJX01000011	GGGGAAAGAGCTATGTCAGTTTATGAAAATGATAGGAGGTCAGAAAGAAGCTTCTCACCTCCACCTAAGAAGCGAATAAGAGCACCCACCCTAGACAACTCGGAGCTGATCCAAGAGAACTCGCTTACCCTTATGGGAATACTCACAAATCCCTCAGCCCAGCGTTTGTGGTCCCTCATACCTTTCCTATCAAACAGATGGAATCTT
GGJX01000012	TATCTGATACATTTTTTCTTTTGATATACACTACCAAATATAAAATCGAATGAGCTTTAGCTAAATTCCTTCATTTTTAATGTAGCTTTTGAGTTTAAACGCTGGTAGCAATTAATTTCCATTACCATGACACAAAGCAATGCCTTTATCAATTTAGTGAAGAGGAACAAACAAATGTTCTTTCATCACCTTTGCATTAATCAGTAACACTTATTATCGACTCTAAACAAAGCCTAGTGTTATTGTGTTATGAATCTTCTTCTTTTGTTATTGTGCTGACAAGTTGCAGCAGGATTCTCTGTTGTTCCTCTGCACTACTCCATTCCTTGACTTCTGCTTTGATCAGTAAGGGATTGTCTGAGATCTTCTTCCATAGCGGATAATTCGTTCTCGGCATCACAAAATCACACTCTCTCAGCTTCAATGTCGGGCAGAAGTCACCTCCTCCATCTCCAAGGTAGATAAACCTTCTTGGAATTTGATCATTGGAAGAAGAAGCACGTAAATGATCCATTACTAAACCCTTGCATAGATTTGAAGGGCAAAGATTGCAGCTATGTGGAGGCAATGCATCACTATGATAAGGCAAGATCCGCAAGTTCCCATTATCATCAAGAGAGGTTGGATTTGTGTAAATCTCAGAAAAGCAATCCACCAAATCATGGTGCTCTAGTATCTTCTCAATGAAAAACTGATTTGCATCACTCACAATCTTTAAATCACATCCTGAAGATTTAGCTGATTTGATAGCTTCAATAATATGAGAATCAATAGGCATTTTCTTCAAACAAGATTTAATGTCATCAATCGATCTACCTTGTGATTGTAGCTCCATCATCATCCTATCCATAAGACGATTCCATGGTAAAGTGAAACGGAGCTGATGGAAGATCTCTGTGAGTCCCATTTCAGTGACAACCCAATTGTCACTATCTCCGTCGATCAAAGTCCGATCGAAATCAAATAATATCACGATTTTTGCCATTTTCTGAGATATAAACACAACGCCGGAGCTCTGCTTCTCGCCGGAGCTGCAAATCACTTCTCCTCTTTCTTAATTGGTCGACGGCAACATCCAATTGTCCGACGCCACTTTTCG
GGJX01000013	AAATTCGAAAGCTCAGATTTTTCGATTTCGAAAATTTTGAAAACTCAGTTAATGGCGGATTTTCAGACATCAACACAACGGGCCAAGTGGATTTTCACTCCCCAGAAACTGGCAGAGAGATATAAAGCTGCTAACCAGAGGGCAGTGCAAATGCTGGAGAAGTGTGGAACAACTCAAGTTGAAGTAGATGCTAGTGGATCACTAACATATCCTAAAGATAAAGTTGGTTCAGGAGATCAAGCTGATAAGAAGCTTAAGCCTTTGAGTGCTGATGAAGAAAGGTTCATGAGAGCATTTTATGAGGCAAAGGTCCAAGAAGTGTGCAGTGCCTTTGCATTTCCTCACAAGATTCAGGCAACAGCCCTCCAATACTTTAAGAGATTTTATCTGCAATGGTCTGTTATGCAACATCATCCAAAAGAGATAATGTTAACCTGTGTGTATGCAGCTTGTAAAATAGAGGAGAATCATGTATCTGCTGAGGAAATTGGGAAAGGGATTAACCAAGATCACCGAATAATTCTCAAGTACGAGATGGCTGTTCTTCAGAGTTTGGAATTTGATCTGATTGTTTATGCACCGTATCGTGCAATCGAAGGTTTTGTCAACAACATGGAGGAATTTCTTCAAGCTAGAGATGATGAAATCCAAAAACTAGAGAGTTTGCTCAAAGGGGCGACAGCAGAAGCCGATAAAGTTATGCTCACAGATGCTCCACTCCTCTTTCCTCCTGGCCAGTTGGCATTGGCGTCGTTACGTATTGCAAATGGGGTTCTTGGAGTGATTGACTTTGATAGGTACCTAGAGAACATTGTTTCTCAACCGAACTCTGAGCACACGACTTCAGAGCTTACAAAGTTACTTGATAACATCGAATATTTGGTAAAGAACTACAAGTGCCCAAGTGAAAAGGACATGAAGCATATCAACCGGAAGCTAAAATCTTGTCTAGGACATAGTTCTTCACATGACGAGAGTAAGAAACGGGAGAAGAGATCAAAACACAAGTCCCATAGGAGCTCCAATGATACACCAAACGGGGCACCGCCACCCATAGGTTGAGTTTCTCGTACTGCCATTAGCAATTCTTCCTTTGCACTTTGGTTTAGTTTTAATCTTATTGAATGAGAAATTCGTCTTTTATAGTTTCTTCCCCGTTGTTGTTCTTACTAGTAAATTTGAGCAGATTATGTATAACAATGATATTGGCCG
GGJX01000014	ATCTTTTCATCCTATAGGAATTTCTTCAAGCTAGAGATGATGAAATCCAAAAACTAGAGAGTTTGCTCAAAGGGGCGACAGCAGAAGCCGATAAAGTTATGCTCACAGATGCTCCACTCCTCTTTCCTCCTGGCCAGTTGGCATTGGCGTCGTTACGTATTGCAAATGGGGTTCTTGGAGTGATTGACTTTGATAGGTACCTAGAGAACATTGTTTCTCAACCGAACTCTGAGCACACGACTTCAGAGCTTACAAAGTTACTTGATAACATCGAATATTTGGTAAAGAACTACAAGTGCCCAAGTGAAAAGGACATGAAGCATATCAACCGGAAGCTAAAATCTTGTCTAGGACATAGTTCTTCACATGACGAGAGTAAGAAACGGGAGAAGAGATCAAAACACAAGTCCCATAGGAGCTCCAATGATACACCAAACGGGGCACCGCCACCCATAGGTTGAGTTTCTCGTACTGCCATTAGCAATTCTTCCTTTGCACTTTGGTTTAGTTTTAATCTTATTGAATGAGAAATTCGTCTTTTATAGTTTCTTCCCCGTTGTTGTTCTTACTAGTAAATTTGAGCAGATTATGTATAACAATGATATTGGCCG
GGJX01000015	AGACGCTATAGTGAACCAACGCTGGCTTGAAGATGGTTCAGAGAATTTCAATTTGTCCCAAAGATTGTTGGAGAAACCTAATGGTATTAGGAAAGATGACCCTTCATCCTCTAGCAAAGAGTCAATAATGGGCTATGATGGTGAGAAGAGAGGGAGGATTCAGTACTCAGGACCATTGATTCCAGGAGAAGGAAACTTGGATGAAATGTTGAAAGAACATGAAAGGCAGATTCAGTTAGCGGTTCGCAAAGCTCGGGTGGATA
GGJX01000016	CTCATACTTCCAAACTGTGATCCATCTCTAGTAGGTGCCATTGAGTTTGAGAATCTTGACAATTGGCCAGACCCGCGTTGGACATAGGACCTTTGTGTTCTCAGTTGGCTTGATCCGTTAGGATGGTTGTCTCCGTTTGTGTAGATTGGGTAGGGATTTTGTGCGGTATTGCCCTTCAGTGGTTCGATCCGGAAGCCATTGCCAGAATCTCCCTCAGGATTAAACTTCTCACTAATGCTTGTCCGGTTAGTCTCCCCTAGACGTTTCTGTATTGATGCCAGTAACTCGGCATTGGCACTAGGAGCCGGTACAGCTTTGGACTCTCTAGCCAACCGCTTCTGTTCATTCTGTTTACTGCTCGAACCTTTCCGTCGTCTTGCTTCCTCTTCTCGAAGCTTGGCATCAAATTCTTTCCTTGGCTGATATCTCGGTAAACTTGATGGCTCACTTGGAAAAGGTTTTGTCGTAAAGAACTCGCTTTGAAGGGCCGAAGATGCGGTTCCACGTGCATCTGGTTCTACAGCTAGAAGAACCTCAAGGAGGGCCAAAGCTGAAGAAGGAAGATCCTTAAATGTATCAGCTACACATCGCTTGTAGGG
GGJX01000017	ATCAATCTTATTGCGCTTTCTTCGATATAAGTTTCCGAGGAAATTTTGAAAGAGTTTTTGCGGGTTTTGTTTCTTTAGGTTGCGAGAAGAAAAGATCGGTTGCTGAATTATATGCTGTTCTTGAGGCTAACACCAACATTGCCTAACACTTTCATTAATGTTGCTTCTCCAATTGTTGATGTTCCTTATCATATCTTCTTCCTAGCTACATTCATCGGTCTGATTCCTGCTGCATTTGTCACTGTCCGGGCTGGGCTTGCTCTTGGAGAGCTAAAATCATTGGGAGATCTCTATGACTTCAGCTCCATGGCGACTCTGTGTCTCATTGGTGTGCTCTCTGTGACTCCAACCCTAATTGGCAAGAAACAAGCATAGAAGATGAAGATCAATACGATGATGATGATGAAAACAGAGCATTTCAACAGCCTCTTTGTGTATATATCATGTAGAATGTTAAGAACTTAAGATCAATCAATCATAAAACTCTGTTCTCTACTTGTTTTCTTTACTCGGAGAAATGTACTCGAATGCACATCTCAAACAGGTTTCATGGGCCTTGGCATTAAGTTTATGGGCCTA
GGJX01000018	ATTCAATCTTTCTCCGTCATTCAGATTTCGAGGAGACAGAGACAGAGAAAAGGATTCGTGTAAGGAAAAGCTTTTAAACTTCTCTTTCTATTTATCCCTCCTTTCTTCTATCTCTCTCTCTCTCGATATCGATACAAGAGAGATGGAGAAAGAAGAAGGAGAAACAACAACAACGATCGGCGTTGTTCCGGCGGCGCCGGCGAAATTACCGACTCCGATATATTCTCTGAGCTTTTGGGAGGTCACGGCAGCTTCCGGCGTCGTTTTAGGGTTTATTTTGGGTCTTGTTTGCGTTTATCTCACAATGCCTCAATCTGATTACAGCTTTCTCAAGCTACCTCGTAATCTCGAAGATCTTCAGATTCTTAGAGATAATCTTGAGATATACACAAGTGATTACACAGTTCAAGTTCTTGTTGGATATTGTCTGGTGTACGTTTTTATGCAGACGTTCATGATTCCTGGAACTGTGTTCATGTCTTTGCTTGCTGGTGCTCTCTTTGGAGTTGTCAAAGGAATGGCTCTTGTTGTCTCCACTGCAACAGCTGGTGCTTCCTCTTGTTATTTCCTCTCTAAGCTCATTGGTAGACCTTTACTCTTCTCGCTTTGGCCTGACAAGCTCGTATTCTTCCAAGATCAGGTTGCGAGAAGAAAAGATCGGTTGCTGAATTATATGCTGTTCTTGAGGCTAACACCAACATTGCCTAACACTTTCATTAATGTTGCTTCTCCAATTGTTGATGTTCCTTATCATATCTTCTTCCTAGCTACATTCATCGGTCTGATTCCTGCTGCATTTGTCACTGTCCGGGCTGGGCTTGCTCTTGGAGAGCTAAAATCATTGGGAGATCTCTATGACTTCAGCTCCATGGCGACTCTGTGTCTCATTGGTGTGCTCTCTGTGACTCCAACCCTAATTGGCAAGAAACAAGCATAGAAGATGAAGATCAATACGATGATGATGATGAAAACAGAGCATTTCAACAGCCTCTTTGTGTATATATCATGTAGAATGTTAAGAACTTAAGATCAATCAATCATAAAACTCTGTTCTCTACTTGTTTTCTTTACTCGGAGAAATGTACTCGAATGCACATCTCAAACAGGTTTCATGGGCCTTGGCATTAAGTTTATGGGCCTA
GGJX01000019	GTGCTTTCTGACTTATATCATATTGAGAAAGTTTTGACTACTTAAAGACTAACAGTGTCAACAATTGTAAGGGTTTCCTTGTCCACTATTTTGTATATTGAAGAACATTGAAATATATTGGAATGCCCTTATTTCTGGTGTGTGTGTCTCTCTCGGTGAGCCGCAAGGGCATGTTGACATCTAATTGTATGGATATTTTTCTCTAAGAAAATTCCTAGAGAAAACAGTAGTCAGGCCATTGTGTTGGTTAAACAACCCTCCTAAAACCTTTTAGGTAAAGAAGAAGCAACCCCGCATGGGTTGAATGACCTACCTAACCTATACTTACCTCCATCATGATATAGCT
GGJX01000020	GGCCGACATGGCATGAGAACTTGGCTTTCCTCATTCTCTCACGACCTCAATTTCGTGCATTATTATTCTATTGTAAAGTATCAATTATACTCCAAGCAAAACAGTTGTTTTAATCTTCTTAGTAGTCTCATTACAAGACTGAAGTTTGGTCTCAAAATTGACAAGCTTCTCGAAGCATTTGTCCTTGGACTATAACTTATAGTCGAGCTTGTTGTCCCA
GGJX01000021	GACTACTAAGAAGAGGCAATGATAAGTACCCACTTGATCATTCACAGCAAGATACCTAATTGACTGTTCAATATACCGAACCAAGCTATACAAATTCCAAGATTAGTATGAAAAGTACCTCAAGTGGCTACAACAACTCCTTCGATGAGGAATGTAAGAAGAAACGCGTTCTTGTTCCACAGGAGACGGCCTAATCAGTAATCACCTCTCTCTCTCTTTTTTTCCCTTTCATAGTTGCCGAAGAAAATGACCCGAATCCTACGCCGGAGAAGCTCGCCGGATCCTCTGTTATCTCAATTTCGATTTGAGAATTTTAAATCTTTT
GGJX01000022	GAGAAAACAAAAAAAAAAAAACTTACACCAAAACGATGTCTGGAGGTGTCGGTCCAACGTACAACGACATAACCTTACCCAAAGAAGAAGAAGAAGAACATCAAACCCAATCCACCTCAACAGTATCATCCACCGGAAAACCCGCCGGATTCTTCTCATTCCGACAACTAAACATCCTCGCAATAATCATCGTTCTCTCCGCAAGTGGTCTCGTAACAATCCAAGATTTCATATTCACGATCCTCACTCTCATCTACTTCTTCTTCCTCTCGAAACTTATCTTCCCACCACACAACAATCCAAACCGTGACGCTCCTCTCACAAGCTCCACAAACAAAATCTTCCGTATCTATGTTACAGCGGCGGGGATCGTCGGGCTTATCATTCCGATCTGTTACATCTTCGAAGGAATCGTTGAGGATGATAAGAACGGTGTTAGCGCAGCTGCACCGCACGTGTTTCTTTTAGCGAGTCAGATTTTTATGGAAGGATTAGCGACCATGTTTGGCTTCTCTGCTCCGGCGAGGATTCTTGTTCCGATTGTTTACAACGCCAGGAGGGTTTTGACTCTTGTGGAGTGGATTATGAGTGAGTTCTCGAGGGAGGATGTGACGGGGACGGTTTCTGCGCGGCGGATGTATGCCGGGAAAGTTTTGGCGGCGGCTAATTTAGGGATTTGGTCGTTTAATCTCTTTGGTGTTTTGATTCCGGTTTATCTACCCAGAGCGTTTAAGAGGTATTACGGTTCTGATAAGGAGGATTGAAATCCCGGTTTAGTTCCGGTTCCAATAAGGAGAGTCAAAACCCGGTTTAATTCCTTTGTGGTTCACAGCTCTTGTTGTTTTCCCTTTTTGTTCTGTATATTATTTCGATGTTTTCTTTTGAACAATTCAGTTTATGTAGTAGTTCACAGTTGTATTAGATTTCTTACGATAATAACCGAATCTATGTTTCTGAAAGAACAGAAATGAAAATGTTTTAGTAATGATATAGAATAAGACCATTCACGATCTCAGTTCAAAC
GGJX01000023	GGAAGAGAGAAGCAAAAATGTCGAATTGCAGATTTCTCTACCACAACGGTGTCGTTTTGGAGGCTCCTCCGGTCACTACCTTCCTTGAATCGCACACGGGTGCTTATACAACGACGAGAACGATAAACAATGGTACTAGTTTCTTGTTCTGGGAGAGACACATGAAGAGACTTTCTAGCTCGATTCGTATTCTTTTGAAGTCAAATCCCGAGCTTTTGTTCAGTTCTGGGTCATCACCGCGGTTTTGGATGAATCAACCAGTTCCTGGTTCGAGTATTTACGATCGAGTCAATGGCTCTATGAGCGAGGCCCTGAAGTCTGTTGTTGTCAAGGAAAGTGAAAGACTCTATGGAGAAGAATTAGCAGTAACTGTTCTTGTTACTGGTAATGTGGAGAAATTGAATAGGTTAGATGTTGGGAACAATTGGGATTTTCTAGATGTGTGGTTGCATATAGGTGCATACTCGCCTTTAGGCCCGTTAGGTGTTGGAGAAAATGCCGCGAGTTTGGCTTTGGTTGGTCGTGGACGAGATGTAGCTGCTGCTAAATACTCAGACTGGGTTAGGCTTAGGAAGCCTCTGGAGAAGTTTAGACCTCCTTTGACCACTGAACTTCTTTTGTCAAACGATGGTGATCATTTGCTTGAGGGCTGCATCACAAACTTTTTCGTAGTTTGCCGCAGGGTGAAGTCATCAGAGAATCTCTACGGCGGGAGTTTGAGCGAGTTTGAGGTGCAGACCGCGCCTATAACTGATGGTGTGCTAGCAGGAGTTATAAGAGACCTTGTCATCGAAGTGTGTTTAAGCGAGGGGATTCCATACCGCGAGAGAGCACCTTCGTGGTCTGAGCGTGAGCTTTGGGAAGAAGCCT
GGJX01000024	GGAAGAGAGAAGCAAAAATGTCGAATTGCAGATTTCTCTACCACAACGGTGTCGTTTTGGAGGCTCCTCCGGTCACTACCTTCCTTGAATCGCACACGGGTGCTTATACAACGACGAGAACGATAAACAATGGTACTAGTTTCTTGTTCTGGGAGAGACACATGAAGAGACTTTCTAGCTCGATTCGTATTCTTTTGAAGTCAAATCCCGAGCTTTTGTTCAGTTCTGGGTCATCACCGCGGTTTTGGATGAATCAACCAGTTCCTGGTTCGAGTATTTACGATCGAGTCAATGGCTCTATGAGCGAGGCCCTGAAGTCTGTTGTTGTCAAGGAAAGTGAAAGACTCTATGGAGAAGAATTAGCAGTAACTGTTCTTGTTACTGGTAATGTGGAGAAATTGAATAGGTTAGATGTTGGGAACAATTGGGATTTTCTAGATGTGTGGTTGCATATAGGTGCATACTCGCCTTTAGGCCCGTTAGGTGTTGGAGAAAATGCCGCGAGTTTGGCTTTGGTTGGTCGTGGACGAGATGTAGCTGCTGCTAAATACTCAGACTGGGTTAGGTATTGTGCTTGTTGTGCTCATTTAGCTGATTCTTGAGGATACTGATAGCTCAATTTTTCAGGGATTTAGCTTGTGGATTACTTGAGTTTTGTTGTTTCTTTCTTAATCTCGGTATGGTTTATGATTTAGGCAGGCTTAGGAAGCCTCTGGAGAAGTTTAGACCTCCTTTGACCACTGAACTTCTTTTGTCAAACGATGGTGATCATTTGCTTGAGGGCTGCATCACAAACTTTTTCGTAGTTTGCCGCAGGGTGAAGTCATCAGAGAATCTCTACGGCGGGAGTTTGAGCGAGTTTGAGGTGCAGACCGCGCCTATAACTGATGGTGTGCTAGCAGGAGTTATAAGAGACCTTGTCATCGAAGTGTGTTTAAGCGAGGGGATTCCATACCGCGAGAGAGCACCTTCGTGGTCTGAGCGTGAGCTTTGGGAAGAAGCCT
GGJX01000025	TCCGAGACTTAGGGCATTTATATAGTCTCACAGACTCACTTAAAATGGGCCTTCTAGCAGCCCAATAACAATTTTGCGTCACGAGAACGCGCACAGGCAAACTATCTGAACCTAGGTGGGGAAACACGCCGATAGGATTCAAGAGGAAAAATACATTATTTTGGGAATACAAAACCACATAAATATTGAAGAAGCTTTATAATATAACCAAGTTTGGTTGATATATAGTTTGGAGTTCACTTTATTTTCTGCTAAATTGATGAGATAATAAAATATACAAACCAACACCCAACCGAACACATAAGATTGAAGAATCAAAAGTTGGAGACATTGGCGCGATCAAAGAAAAGACCAGATGGGTCTCCATTAGGGACCAAAGCCAGTTTCACTGGACTCGCTGCACCTTCTTCAACGCTCAAGATCCCAGTGTTGAAATTGATTTCTGTGTTTACGAAACCAGGACAAACACTGTTGATGATGAACGATTTGTGTCGCTTAGCCAATACTCGTGTCAATGCGATCACTGCAGCTTTCGATAGTATGTATCCAGACATCACTGTTGGCCAACCTTTGACTTGTAATGCACCTTCTTTGTAATCCTTGAGGTACTCATTGATCACTTCATCTATTTTCTCTTCTGTTAGGTTCTCAGCATCACTCAGCACTCCTTTTGCCCATTCATTTGAAACATTCTCTAACTTTCCCATGGTGGAAGCGATGCTGACGATTCTTGGGGAATCAGAAGATTGAAGGAGAGGAATCATGGCCTCGCACATTCGCTTAACGCCGTAGTAGTTTGTTTTAACACACTCCTCGACTATCTCATATGTATCACTCATTATCTTGGAAATATCAGTTGGCGCACCAGCCTCAGCAATCTGAGCTTTGAGAACATCAACATTAACATTCGCCCCTCCAACTCCGGCATTATTAACCAGAATATCGAGTTTGCCGAAGCGGGTCTTGACAAAAGCAGCAAGAGAAGCGATGGTGTCTGGGTTGGAGACATCAAGAGGGTGAAAGGAGATGGCTTGATCAGAAAAACCATTCTCAGTCTTGAGCTTTTGGACAGCAGCAAGACCCTTGTTTTCATCTCTCGCAGTTAAAACCACAGTTATCCCATTGTTAGCTAGTTGCCTGCAAATCTCAAACCCAATCCCTTTGTTGGAACCAGTAACAACTGCAACTCTTGGGTCTGCCATTGAATTGTTGAAAGGACAGAGAAAAGTCAAGCCTCATGCTGTTAACTAAAAAAGTATATACAAAAAAATAGGGATAAACAAGTGTG
GGJX01000026	TCCGAGACTTAGGGCATTTATATAGTCTCACAGACTCACTTAAAATGGGCCTTCTAGCAGCCCAATAACAATTTTGCGTCACGAGAACGCGCACAGGCAAACTATCTGAACCTAGGTGGGGAAACACGCCGATAGGATTCAAGAGGAAAAATACATTATTTTGGGAATACAAAACCACATAAATATTGAAGAAGCTTTATAATATAACCAAGTTTGGTTGATATATAGTTTGGAGTTCACTTTATTTTCTGCTAAATTGATGAGATAATAAAATATACAAACCAACACCCAACCGAACACATAAGATTGAAGAATCAAAAGTTGGAGACATTGGCGCGATCAAAGAAAAGACCAGATGGGTCTCCATTAGGGACCAAAGCCAGTTTCACTGGACTCGCTGCACCTTCTTCAACGCTCAAGATCCCAGTGTTGAAATTGATTTCTGTGTTTACGAAACCAGGACAAACACTGTTGATGATGAACGATTTGTGTCGCTTAGCCAATACTCGTGTCAATGCGATCACTGCAGCTTTCGATAGTATGTATCCAGACATCACTGTTGGCCAACCTTTGACTTGTAATGCACCTTCTTTGTAATCCTTGAGGTACTCATTGATCACTTCATCTATTTTCTCTTCTGTTAGGTTCTCAGCATCACTCAGCACTCCTTTTGCCCATTCATTTGAAACATTCTCTAACTTTCCCATGGTGGAAGCGATGCTGACGATTCTTGGGGAATCAGAAGATTGAAGGAGAGGAATCATGGCCTCGCACATTCGCTTAACGCCGTAGTAGTTTGTTTTAACACACTCCTCGACTATCTCATATGTATCACTCATTATCTTGGAAATATCAGTTGGCGCACCAGCCTCAGCAATCTGAGCTTTGAGAACATCAACATTAACATTCGCCCCTCCAACTCCGGCATTATTAACCAGAATATCGAGTTTGCCGAAGCGGGTCTTGACAAAAGCAGCAAGAGAAGCGATGGTGTCTGGGTTGGAGACATCAAGAGGGTGAAAGGAGATGGCTTGATCAGAAAAACCATTCTCAGTCTTGAGCTTTTGGACAGCAGCAAGACCCTTGTTTTCATCTCTCGCAGTTAAAACCACAGTTATCCCATTGTTAGCTAGTTGCCTGCAAATCTCAAACCCAATCCCTTTGTTGGAACCAGTAACAACTGCAACTCTGGAGACAAACAGGAAAAAGAAAAAGGAACAATCAAAATCTGAAAAAGATTTCAAGCCGAGGTTAGACAGAGAGAGAAGAAGCATGAACCTTGGGTCTGCCATTGAATTGTTGAAAGGACAGAGAAAAGTCAAGCCTCATGCTGTTAACTAAAAAAGTATATACAAAAAAATAGGGATAAACAAGTGTG
GGJX01000027	CATGTTGACTGATTTTCCACGAGTCAAATCAATTTCTAGACTTTCATATGCACCGTTGAACAATGTTGCAAGTTTAAATGGCAAGCCTCGTTCTCTTGCAGAGTTTAGTTTTTTCACAACCTCGGCATAGACATATGCCTTTTTCTCATGAATGGGTTTGTTAGTCATAGACACGAGTTCCGTTCCAGGTTTTGAAGATACTTGGGGACTCAAAGGCACTAGTGAACCAGCATGAGAGCCTCTACTTGAATTGATCATCTTGGTCTTAGGTAACATTGAAGTTTTGCTAAGGCTGTGAAGAAAGTCACGTTTTTCTTTTATACAGTCCTCCTCCAACACTTTCAACATGTAGTTGTTAAAGCTTCGAACATTATCTTTCTGGGCCTCCTGTATAGCCGATACCATTGCCATTTCATGAACCTGTTGCAGG
GGJX01000028	GCGAAGGAGATGTGAGCGAAGGAGCTGTGAGCGAAAGAGCTGAGTTCCCGGAGCCATCGGAAGAAGCCAAGCTTTTCGTCGGAAATTTGGCTTATGATGTTAATAGCCAAGCTTTGGCTATGCTCTTTGAGCAAGCCGGTACTGTTGAAATCGCCGAGGTTATATACAATAGGGAAACTGACCAGAGTCGTGGGTTTGGATTTGTGACAATGAGTTCTGTGGACGAAGCTGAGACAGCTGTGGAGAAGTTCAACCGTTATGATCTTAACGGACGTCTACTAACTGTAAACAAGGCAGCTCCAAGAGGATCACGTCCAGAACGTGCGCCTCGGGTATATGAACCTGCATTCAGAGTATATGTAGGGAATCTACCATGGGATGTGGACAATGGCCGTCTAGAACAGCTTTTCAGTGAGCATGGTAAAGTTGTGGAAGCTAGGGTGGTTTACGACCGTGAGACAGGTCGTTCACGTGGATTCGGGTTTGTCACAATGTCTGACGTGGATGAACTCAACGAAGCCATCTCTGCCCTCGATGGACAGAACTTGGAGGGTAGAGCAATCAGAGTGAATGTAGCGGAAGAGCGTCCTCCAAGGCGTGGATATTAAAGCTGAGATCTAGCTGTGCCCTCTCTCTCTCCCTATCTTGCATTTTGTTTAGACGAGATTCTTACACTCTTCAACGATTGTTTTTGGCTGAACTCTGAATGTGAAAGTTAAGCTGCTTCTAAAGTAATTTGTATCGCTTGTTTTTGATGATCTCTTATTCATAGTTTAATTCCTAATTGTTGGAGTTTCATTCCCTCAATCGCATCGGGGGATACGACACATTTCTG
GGJX01000029	CTCTCATCTCCTTCGCTCACATCTTGTGACTCTAAACTGTTCTCGGTCTCCTCAACAGCGACGCTTCCTTCTCCACCTTCTTCAGCCCAATCCGAAGTCTGGGCAACGAAGGAGACAAAGGGGGATTTTTTAAGGTGGGTTTTGGTTTTAAGAGATAGAGAGACGCGAGAGAAAGAGAGGGGCAGGTTAATGCGTCCGGTAAGGAGGGAAACACTGGAGCTGCGAATTCTGGAGGAAGAGATGGTAGAGGAGATGGAAGGATGGGAGAAAATGGTAGAAGAGGAAGAATCGGCCATGGCTAAAGGCTTCAAGCTAGAGGTAACTATAGAAGAAGCCATTGCTGAATTGTGAGAGATAGAAGAAGTGGAAGTGGAAGGAGAAGAGAAAAGAAGAGGAAGGGAAGGGTTTTAGAACGGTGGGCGAGATAAGGATAAGGAGGGCCGAGACATCATCTTCAAATGGGCTCTTAGATTTACCATAG
GGJX01000030	GAAACTCTTCAAATATTTCTGGATGCCCTTGAGAATTGTAGGAAGAACAAGCATGTAACAGGGCTTAGGCTTCTGCTAATGTATGTACAAAATGGAGTTGAGGAACCATGGCAAAGAATCCCAACTGTTTCTGCTATTTTTGCTGCTGAGACATCTATGATATTGTTGGATCCTTCTCACGAACATTATGTTCCCATAAATAAACTTTTGAAGAGCTCATCTACACTGAAACTGAGGGTACGTATTCACTGAAAACTGAAAACTCTTGTCTTTATCCTTTACACTATATGCCAGC
GGJX01000031	TTTAGTGGAAGATGTCCGGCAGGGTCTTATTAAAGAGAATCTTTGTGTTGATCCCAAAATCTGTGCTCTAACTGTTTTGTTTTTTCCTTATCAACGTACTACAGAGAAATCGGAGAATTTTTACCTATATGATGATCCAATAAATGAGAAATGCTCACCTGTTATTGAAGAAATGGAACGATATGATCCGGCATTCATCCTGCACTTCTCGATAGACTCATTGTCCATGGGTTACATTGAACCTGTGGAATTCGCCAGCTTAGGCTTGCTTGCAGTTGCATTTGTGAGCATGTCTTCAGCAGATCTTGGGATGAGAAAATTGGGCTATGA
GGJX01000032	TAGAATTACAAATGAAAACTACGTTAACCAAAGATAGTCACGAGGTACATACGATTTACCAAAGCTAGATTTGACTCGCACAGACTTTTACCAACGCCTATAATACTACTATTAACTAAAGAACATAAACGCATAGATGACATGCCCTATGGCTTTTTTCTTATTCCTTGCCTCATCGTTTTACTCTCTTATAATCTTCTCTTCT
GGJX01000033	GGCTTCTTCTTCGTTTTTCTCCCTCGAGTAGCAGCAGCAGCCTTTGGATATTCGGCGGAATCGAAAATGGTCAAGGGACGCCAAGGAGAACGAGTCAGACTCTACGTGAGGGGAACCATCCTCGGATACAAAAGGTCGAAGTCCAACCAGTATCCAAACACGTCCCTCGTCCAGATCGAAGGAGTTAACACTCAGGAGGAGGTAAACTGGTACAAGGGAAAGAGGATGGCTTACATCTACAAGGCTAAGACAAAGAAGAACGGTAGCCACTACCGCTGTATCTGGGGAAAGGTTACCAGGCCTCACGGTAACAGCGGTGTTGTCCGTGCCAAATTCACATCCAACCTTCCTCCCAAGTCCATGGGAAGCAGAGTGAGAGTCTTCATGTATCCGAGTAACATATGAAGCAATGCAAAAATGGCTTAAACTTATAATTTAGCCGCCTTGGTTTTGTTCACTAGTTTGTTATTTTGTATTTTGATATTGAAAGCATTTCCTTTCTTTGTTTGAAGTGTTTGGAGATTCTCTAAATTGACTTTGATCATGGATCCGGTTTTTCATCCCAAATTAGACTCCCTTTTCCCCTTTTATAACGAATTAAAACAGACGAATG
GGJX01000034	TCGGTATATATAGAAGAAAAATATTCTGAAATTATTGGTATCATATGTACAAAACTTATTAGCTATTATGACTGACTAGTTTGCAAAGTAGCGTTACACGTTTTTTATGCTCAAACTGTACAAAGATACATTGGCTTTGGCCTTTGAGGGGAAAAAAAGAAAGATACATTGGCTTTATACTGGAAATATGCTTTGATCACACACTTTGTATGTTTGTGTGACCTTCCTCAACAGGTAGATGAAGATCTCCTACAGCACTTGTGTGGCTAGTATTCAACTTCTTTTCGTCGAGGTAG
GGJX01000035	AAGTGAGATGAGAAACTACAAACTCGGGAAAGTGTCATATGTTTTGACTTTAGCCTCGGCAGCTATTTCCTGGCAAGTCTACACTCTTGGTCTTGTGGGATTGATCTTCGAGTCATCCTCTGTGTTCTCCAATTCCATAACAGCTGTGGGATTGCCTATAGTTCCAGTTGCGGCAGTGATAGTTTTCCATGATAGAATGGACGCATCAAAAATCTTCTCCATTATTTTAGCTATCTGCGGCTTCCTTTCATTCGTCTATCAGCACTACCTCGACGAA
GGJX01000036	TGGAAAACATTGAGAAGGTTCTTGCCCGTGGTGTGATATGTGAGATGCTGGGTAGTTCAGAGGTTAGTTCTCTTAGGCATATGGTTCTAAGTTCCATACACATAGATATGCTTGAGTTGCCAGTTCTCTCTTACTAATGTTGTCTTGGGTTTCCAACTTTTAATTGAACTCGAAACTGTCACAGTCACAGCCGCAAGCTTTCTATATAAAAAGAACTCAAATGAAAAGGAAGAAGTGGTTTCAGAACATGAAGATAAAACTCA
GGJX01000037	CTATCCGCCAATATTCACCTTCAAGGTCCTTAACCTTAGGTTTAAATTTCTTATTTTCAGACGCTTTGGAACCAGGATGATCCTCTGACTGAAAATAGCATTCCTTAAAGTATTCATCATACTTCTGAAATTCTTCCAGGGTAAAATCTGGCCCAGTCTGAAAACCAAATTTTCCTTCACTATCACTAGAGCCAGAGGAAGCCGTATCACAGCCTGAATCTCTTTTTCTTCTTGTGTATCCAATTTTAGAGATTCTTCTCCGTTTTCTCTTCTTGGTTTTAGTAGATTTTTTAATCGGTTCTCGGTTTTGAAGCAAGTCAATGAACTGAATCCGGGTGGGAAATTTAGAATTCTCCCATATTTTTTTCTCCTTCAGAGGGCAAGGGGGCCTCCATGCAACAGGCGGCACAATTCGACATATGCCATATGATTCTGCTTTAGAGCGCAACTTCTCTATGTAACCAAGTGGATCATCAAAATCCTCATTAGTGGGATAAAAGATGGGAGCGTCATCAACCAAAGGCCTGCAAGCTTCTGATGGATTCCACCTAGCAGTTATTTTAGGACTAGAAGGAGTAGAGTCAGGTTCAAGACTACTCTCTCCTTTAATCGATTGTTTCTCAGAATCTTCCTCCATAGCCACAGACTCTGCTAGAGATGCAAGCTGATCCATTTACAGTGAGATTAAGTTCACAAAGATCGATACTTTTAACCCGTGACCTTCGTGAAGGGGCCAAGATTCGGAACAAAAGCTTTTCCCAAGATTGAATTTGACTCTCGAATTTTATTTGTAACGTATAGTATAAATCTAAAACCTTTTGGTTAAATATCTGTGAAAGAGGTTTTTTTTTTTCTTTCCTTCTTTGATGAGTTAAGAAAAAAAAAACTTAGAGAAGAATTTATTAGGTTAACGATTAAAGCAAGTAGATTTCTTG
GGJX01000038	TCTTGGACAATCAGATAGCTAACACAACAAACAATCTAATAAGATCCAGATGAGATTGCTAAATTCTTAAGACCCAAGTAAATAGATTTTGCTTAATCTAAAACAAATACAATAAGAACGACTCTCAGAAAGATGAGATCTTTGAAGGAAGATACTGATAAGCAAAAGCCACGAACTTAATTAAAACTAGAATTGATTGGATTTTCAGACTCAAACGGGTTTAGCACATAGATAAGCCATCAACCTCTTTACCCAACCAATACTTTGCTAGAAACCCAATTAACTTACTTTAGGACTAGAAGGAGTAGAGTCAGGTTCAAGACTACTCTCTCCTTTAATCGATTGTTTCTCAGAATCTTCCTCCATAGCCACAGACTCTGCTAGAGATGCAAGCTGATCCATTTACAGTGAGATTAAGTTCACAAAGATCGATACTTTTAACCCGTGACCTTCGTGAAGGGGCCAAGATTCGGAACAAAAGCTTTTCCCAAGATTGAATTTGACTCTCGAATTTTATTTGTAACGTATAGTATAAATCTAAAACCTTTTGGTTAAATATCTGTGAAAGAGGTTTTTTTTTTTCTTTCCTTCTTTGATGAGTTAAGAAAAAAAAAACTTAGAGAAGAATTTATTAGGTTAACGATTAAAGCAAGTAGATTTCTTG
GGJX01000039	ATATATAAAGCAAAAGAGTTGTGAAGATTTAAGCAATGTCTAACAAAGAAAAAGAATTCAATCACGTGAAAGAGAAAGCAGAGAGATTAGGATAAAAACAGAGGAGGTCACGGATGGTTTGTCACTATCTCTGTTATCTGGTTTTGTTCTATTGACTCTGTAAAAAGAAAAAAAACTGTTTCGATAGATCAGTGAGCTGTTTCTGGATTTCCTCGAGATGTAGAATTGACAACTAAACACCATCACCAACGTGCAGAGA
GGJX01000040	CTTGAAGATGGACAGGGCAGATACGTCGGGCTTTGTAAGTGGCGGAAGTTGTTCATCTCTCAACTTGCTCCAATATATGCTTATAGCTACAAGTATGATGTGCTAAGTGGTACTATTTCGGAGCTCTCTTTCATCTATATCCTTTTCATCTTCATGTGAATTTGGACAAAGGTGTAGTTCCATTCTCTAGTGCCATTAATATGGGTGACACCGCTCTTAGCCTGAAGTGTCTTGGGGGCTCTGAAAACCAATTTTGTTCCGATGTATCTAGTTTCACTGATGATGGCTGCCGGTTAGTCCTCGGATTGGGTCCAACGTCGACTTCATACTGTTTTAGTGTCGGCGTTAATAACAGCAACAAAGATTCTGCTTCTGGATTTACTCAAGCTGATTCAGTTCTGCAACTTGGTCGTCCTGCTGTAAGCATAGACACTTTCAGTGGACTTGATAATGGTGGTGTGATCCCTGTTGTTGATGAAGGTTCTTCTTCAGCTAAGAGATCAGGTGGATACATGCCATCGCTTTTGTTAGATCCAAATGTTAAAAACCCTTCACAGATTCAACAACTTAAAGATTTTGGAACCGGTATCCATTCACAAGTGAGCCAAGAACCATCACCTTACACAGAGTTCTATGTACAGCAGAGGACAAGCAATCCGAGGAAGTGTAAATTTATGGGATGTGTGAAGGGAGCTCGAGGAGCGTCAGGACTCTGCATCAGCCATGGAGGAGGACAGAGATGCCAAAAACCAGGCTGCAACAAAGGTGCAGAGAGTAAAACCACTTTTTGTAAAACCCATGGTGGAGGGAAGAGGTGTGAACACTTGGGATGCACGAAGAGCGCCGAAGGTAAAACAGATTTCTGTATATCTCATGGTGGTGGAAGACGTTGCGAGTTCCTTGAAGGATGTGACAAAGCAGCCCGTGGCAGGTCGGGCCTCTGCATCAAACACGGTGGTGGCAAAAGATGTAATATCGAAGACTGTACACGAAGTGCTGAAGGACAAGCTGGTCTTTGTATATCCCATGGTGGTGGGAAACGTTGTCAGTATTTTTCAGGTTGTGAGAAAGGAGCTCAAGGAAG
GGJX01000041	GCCCTGTCCATCTTCAAGAATGGGAAAACAGCACTATCCTGCTGGTGTTAATACTGTAAACCGAAGAATGTTTGTTGGAGATTATCAGGTTCCGCTGAAAAGCAATGATCTTTGTTGAAGTATGCTACTGTTGAGAACTGTCCACATGACCTGGTGGATCTGAAACTCGGGCTCACAGATAGAATTCCAAGGAGAAGACAAGAAGAAGATTTCAGAAACAGGTGTCGAAGATAGAAGACAAAAAGATTATTGGCAAAT
GGJX01000042	GAATTCCAGTTGCAAATTCAGGCGTCTCATAGACGGTGTAAGCAAAGAAATGATGGTGTCCAGGCCTGGCATGGAAAGCAAAGGCAACGTGCCACCCGAGCTGAAAAACTAAGGATCATGGCCCTTAAATCTGATGATCAAGAGGAATACATGAAACTAGCAAAGGAAAGTAAGAACGAAAAACTAACCCTTTTTCTAGAGGAG
GGJX01000043	ATTTGGTAGCACAGCTTTTGGAGCCAATATTAGATGAGGCCCATGAAGATCTTTACTCTCAAGAAGATACGCAATCAGTGCAATCGTTTGGATAGTCTTTCCTAAACCCATTTCATCAGCTAAAATGCCATTATAGTCATTGTTGTATAGAGAGACCATCCATTGAAGTCCTTCTAATTGATAGGATCTTAGTTCCCCACCTTGTAGAAGGGATGGCTGCTTTGTCACCTTCTCTTGTATGGAATGGATAGCCAAGTTAAACTGCCTCTCGCCTTCTAGTAAGTCATTAGAATCATCATTATTGTCAGAGTCAATGATCTCAATATCTTGGGCAGGAAGCACATCCTCAGGAGCATCAACATCAGATAAGTCAGATTCTGAGCCTTTCAGTAATTTGGTGTTTTCTGAAAGTTTGGCATCTTTCTGACGCTGGACTGCAGCCCCCAAACTAACAAAGATTTTG
GGJX01000044	GAATATCTTCGATCTCATCTTCTCTGCCAGATATCAAGTAAAAAGGTTAGTTAGAAAATTACTGAGCCTGATGGTATTCTCAACCAAAAATCCTATTCGTATAGTGGAAAGCCAAGGAAAGGTTACTGTCCCTTAGCCTTTGAGAACCGTGAACAAGTAACATTCATAGAATCATAATTGTAGTTACTCAACTTATAAGACGATAAACGTTATACAACTCAAAATCTTAAGAGGAGAATTGCATATATG
GGJX01000045	ATCATCTATGCCTTCTCTTTTATCAGTTGAGAAACCTCGAGACGAACGAAACCCCAACTTTCGAGTTTGCCGATGAGTCTAGCCTCCATGATCTCCGGCTAAAGATCAATGAATCGACGCCTTCCTCTGTTCGTTTGTCGATTGATTACAACGACGGTGATATCCTCGCGGCTGTTACTCTCTCGATTCGTCTGATTTTAGTGCGTTTGATCAGAAATCGGAAACGAATCATCAGGAGATTGTTCGTAGATTCCGGTGGCAGCATGAATCTCTCCGGTGTAAAAAGGTTAAGCGAGCCTCTCTTGTTGAAAAATATATTGATGGAGGAATCTGGTGACACTTGTGAATTGACGATTGTGATCATGACTGTTCATGCTGTTATGTTAGAATCTGGA
GGJX01000046	TGCTGTTATGTTAGAATCTGGATTTGTGTTGTTTGATCCTGATTCATCTATGCGTTTTAGCTTCTCGAAGAAGACTTTGGTATCGCTTAACTATACTCTACCTTCTGTGAAAGGAATAGTCGGTTTGAATTTTGAGAAGGAGGCGATGTTGTAGTTTATGGATCTCTTAGTGTTGGTAGTTTTGTTCGTGTGGTGTCTATTGATAAACGTAGCTATGTGCACATTGTTGATTTACTTATGGAAACTTTGAAATCTGATGAAGAAGAAGATACTTTGAGCATTGACTGTAAGGTACTCGTGTGGTGGAGAATGATAAAAGATGGTATTGTTACGCCTCTGTTGGTTGATCTTTGCTACAAAACTGGGTTAGAACTTCCACCTTGCTTTATCAGTCTACCTCGAGAGCTAAAACACAAGATACTAGAGTCGCTTCCCGGTGTGGATATTGGGACATTGGCTTGTGTTTCTTCTGAACTGCGAGACATGGCTTCGTAGAATGACCTGTGGAAGCAGAAGTGCTTGGAAGAGTGCCAAGATCTTGTGACAGAAGGCAATCATGATGTGGTTAACTGGAAGGAGAGGTTTGCTACTTATTGGAGGCAAAAGGGAAAGTTCTCCTTCATAAGCAGGGCATTTCAAGGTTTTTCAGGGAGCATTGGTTCGTCATAAATCGTGGAAGAAGATAAAAAGAGACCATATTGAATCCGGTGGAGTGAATGTTTGTTTGTATTCAAATCTTGCAAATTGGCAATTATAGGTTTAAGATGGTGTAAAGAGCATTGG
GGJX01000047	TGGTTGAGATGTTGCAAATAGGTTTGGCTTGTGTTGCCTTAAAACCTCAAGATCGACCTCATATAACACACATTGTAAAATTGATACAAGACATTCCAACAAACTTCAATCTTTAAAGCAATTCCCAGATTTTCAAAACATAAAATTCGATTTCACATTATATCATAAGCTAAAGTTATTCAATACAGTACCATAGAGAAAGTATTCAAAAACTAGCTAATGAAAAAAGCATAAAAGAAGATTCGGCGAATCTAAGAACACGCGTAAAGATATGAAGAAGCCAAACCAGAGGAAGACCGATTCGATTGATTTAGGTTGATGATGAAATTGGATGGATCAGACAGGGCTAAGGAGCTGGAAGAGATGAGGTTTGGGATCGGAGTTCATGCCGACGAAGATGACCAGAGGGATGAAGCCATAGTGAGTGACGACTTTAGCCTTCTTCAATGACCAATTGGTCCATTCCTTAACGACATCAAACTTGGATTTGTCATCGGAAGAGGAAGCTCCCTTTGATCCTTTGCCTTTTCCTTTGTTGACCTTCAACGATATTGTAGACTCCATTGATTCCGATCTCAGAGTTTCTCTCGATTGCGGAGATTTTGTTTTTGCTCGAATCCGAAAACCCTAAAGGACCTTTACAAAAGTTAGCGG
GGJX01000048	GCAACATCTCAACCAACTCTTCTTCTATACCCATTTGCATCATTAGCTCATTATCGAATACTTCTCCTGTCCACTCTTTCGACACCACTGACCTTATCCAGCTCGCCAAGTCCATGTTTTCGTCTAGTGATAGCGGACTCGCGGGTGATTTCCCTGTTAGAAGCTCGAGTAACACCACCCCGAAGCTGTATACATCAGAGAACTGTGTGGACTTTCTTGTATCTGTTATCTCAGGTGCGTGGTAACCCGAAGAACGTAAGGTAGTCTGCGGGAGAGATTTCGTGATGTGTGTTAAGCCGAGATCGCAGATGCAGCCGTAGCATTTCGAGTTCGTGAAGATATTGGAGGATTTGATGTTACCGTGGACAAACTTCCCGTCGTCTGCTTCGTGGATTATAGCCAACCCTCTTGCTGCACCAATGGCGATTCTTAAACGGGACTCCCAATCTAAAGGTACTTGGCTCTCTCCTGCAAAAGTTGAGTTATTGGTTTTCGATACTGCATACCAAAGAAGCATAGACAACGGAATACAGAAAGATAGCTTACCGTGCAGCATCTCAAATAGGTTTCCTTGACTGTAATAACTGTAAACAGCGAGCTTATCGATCTTGGAATAGTAGTAG
GGJX01000049	GTTTAGGAAGTACAGAAACTCTCTGAGAAGCGTCAGAGCTCCATTGTCGTCATCTTCATTGACGGGAACACGATCCGGCGGCGTTGGTCCGGTGATCGAGATGGCGAGTACTTCGTTATTGAATCCGAATCGCTCTTACGCTCCTATTAGTACCGAAGATCCTGGAACTTCTAGTAAAGGTGCGATAACAGTGGGCTTACCACCAGCTTGGGTTGATGTCTCTGAGGAGATATCTGTGAATATACAGCGTGCAAGGACTAAAATGGCTGAGTTGGGAAAGGCTCATGCCAAGGCGTTAATGCCATCGTTTGGGGATGGTAAAGAAGAT
GGJX01000050	GAGAGTTTCTGTACTTCCTAAACAGCAACGTACGATTCCTCGTCGCCATGATCGTCAAAATTTGAAATCCCTAGAATCTCAATTTCACATCCAAATTCGAAATCAGCTCCGATCTGAACACAATCGCGGCTTCATCATCGACCGAGAATAAAACCGAACACAAAAATTGGGACTCCGACAAGGAAGTGCTCGGAGAGCGGCGAGATCAAAACTTTTTCCGATGAGGAAAGTAAACTCTCA
GGJX01000051	AATGGAGTATTTTCTCATGAGGTATGACAAATAATTGATTCCTTCCGGTTGTCTTCTCCCACACGTGCCTTGTGAATGAGTTCTTTAAAGCACGTTGCTGTCACTGCAAGTTGTCAAATTTCGTCAACTGTTGCAACCGTGCAATCATCCGATCACCAACTTCCTTCTCTGATATGGATCAAGCAACAATGTCCAAATCTGAA
GGJX01000052	TGCCTCATGAGAAAATACTCCATTCTATTCTGAAGTGGAATTTTGGATGATATATGACTCTTAGTGTCCAACACCATGTTCCCTCACTGGTCAAGGTTCTAATGAAGATCGTGTTCATGCATTTGGTGTCAACTATCAAAGTTTAGTTCTATTAACTATATAAGCCCATGGAGAGTAGGTAATCATTTTTTGCTTCTGGACAGACTTATGAACATGTCTGTATTGAGGAATGTATCACTGATGGACAGCTCTTGCCCCAAG
GGJX01000053	ACAGTTTTTAAGCCCAATTCACTACTGGAATCCCTGGATCTGTTTCAGACGCCAGAGTAAAGTAAAAGAATGAGAGAAAGATCTTCTTATTCAATATGGTGGTGGAGAAGCTCTAACTCTCTAACTAAATAAATAACCACTTGCTCTCAAAGTTTAACAGGTATACACCATGATTCACCAATGGGGAGTAAAAAGTAACATTAACAAACACTTTCCACTTGTTTACTTAGATAGATCATACAAACACAGCCATTGCAAATGAAACAACAGGATACTACTAGCTAGGTGATGTTCTGAGACATCATTGGTATTCGAGGATCTGCATTCACGAGAACAACGACCGTGTCTTATTGCGTTCCAGTCGAGCTTCCCTCTCTTTCTTCTTGCATTCCTTGTACACATCAAAATGATCCTGGCATTTACTCTTGTCTGATCCAAATTCTTCAAGACATTTGAGAGAAGCAGAGTACTGAAGATAACATGGAGAATCAGATATCCGAGCCGCGCTAGGGTACGCCGCCGCCGCGCCTTTCGTCGACATTTCCCGATCACCGTCTCTCTCTCTCACAACCGATTCCG
GGJX01000054	ACAGTTTTTAAGCCCAATTCACTACTGGAATCCCTGGATCTGTTTCAGACGCCAGAGTAAAGTAAAAGAATGAGAGAAAGATCTTCTTATTCAATATGGTGGTGGAGAAGCTCTAACTCTCTAACTAAATAAATAACCACTTGCTCTCAAAGTTTAACAGGTATACACCATGATTCACCAATGGGGAGTAAAAAGTAACATTAACAAACACTTTCCACTTGTTTACTTAGATAGATCATACAAACACAGCCATTGCAAATGAAACAACAGGATACTACTAGCTAGGTGATGTTCTGAGACATCATTGGTATTCGAGGATCTGCATTCACGAGAACAACGACCGTGTCTTATTGCGTTCCAGTCGAGCTTCCCTCTGAGAAACAAAATAACACATAGGTAAAGCAGCAAAGAAGTTGGAAACGCCAAAAGCCTAAATATTCATTCACAACAACAACCTCTTTCTTCTTGCATTCCTTGTACACATCAAAATGATCCTGGCATTTACTCTTGTCTGATCCAAATTCTTCAAGACATTTGAGAGAAGCAGAGTACTGAAGATAACATGGAGAATCAGATATCCGAGCCGCGCTAGGGTACGCCGCCGCCGCGCCTTTCGTCGACATTTCCCGATCACCGTCTCTCTCTCTCACAACCGATTCCG
GGJX01000055	ATATTACTCGATTATCTGCCAAGATGAGACCCAGGTCGAACTCATTTATTCCCACGCATTTTTGAAACACCCTGACCACAAAAGCGCGTATACTCCATCCGACTATACCATCATCTCCAGTTACGTTCTCAGCTATATCATCCGTGTGCTCAACTAATTCACCTTCGCATCTTGTCTCCTCTACACAGACTCTAGTGTACGTACATTGGTACAAATCATGTTGACACGTCGGGGATGGAGCAGAGGTTGGTGTACTGTCAACCAAAACAGCAGTGGGTTCTACATGATGTACATGTTTATCTGTTGACGTACACAATGCCACAGGGGAATTCACTCGT
GGJX01000056	ATATTACTCGATTATCTGCCAAGATGAGACCCAGGTCGAACTCATTTATTCCCACGCATTTTTGAAACACCCTGACCACAAAAGCGCGTATACTCCATCCGACTATACCATCATCTCCAGTTACGTTCTCAGCTATATCATCCACATTTGCAGCCGTGTACTTAACTAATTCACCTTCGCATCTTGTCTCCTCTACACAGACTCTAGTGTACGTACATTGGTACAAATCATGTTGACACGTCGGGGATGGAGCAGAGGTTGGTGTACTGTCAACCAAAACAGCAGTGGGTTCTACATGATGTACATGTTTATCTGTTGACGTACACAATGCCACAGGGGAATTCACTCGT
GGJX01000057	GATTAAGCTAATAAGGTGCTTTTGAGATGCTCATAACTTTGAACCTTGTTAATGTGAGTTGTGGAAAGTGGTTCTGATCTCGATTTCTGGTGATTTGGTTTGGCAGGCTTATATAAATCTCCAATCTTGGGGTATCACTCTTTATTCAACCAAAGTTGACCCTTATCAGAGGGTTCAGAATTGTGGACTTGGAATTTGATTTCTTGGAGGTGATTATTGCGGGTCGGAAAGTATATTATTGCGGGTCGGAAAGTAAATTTTGAGCTGGAATGGTAAACTGGATCATAGA
GGJX01000058	CTGGGGTTTAGAGAGAGAAACTAAATAGAGAGAGAGAGTTTCTTCTTCCCACATCAAGAGCCAACCCATCAAAACTTAACCCGTAAAATTTCATTTTTTTCGAAAATAAAACCTTCACAGAAGAACATTTACATATATATACACAAAGAGAAAGGGTTTTGATTGGATCGTCTTTGGAATCGACCCTAATTGTGGTTTTGTATACTAGTAAAAGCTCAAACGTTTGGAGTGTGAGGATTGATTGATGCGCGAGTCAGTATTTATCCCCAATTTCCCAATTGGGTTTCTGCCACTGAGTTGATTGATTAAGCTAATAAGGCTTATATAAATCTCCAATCTTGGGGTATCACTCTTTATTCAACCAAAGTTGACCCTTATCAGAGGGTTCAGAATTGTGGACTTGGAATTTGATTTCTTGGAGGTGATTATTGCGGGTCGGAAAGTATATTATTGCGGGTCGGAAAGTAAATTTTGAGCTGGAATGGTAAACTGGATCATAGA
GGJX01000059	GACGATCCAACTGCTACAGGCCGGCGATTAGCAAAGGCGGTGGTTCGATAGAGAGAGGAAGAGATTGAAGCGATTTTCACTCAGTTTTCATCAGATCGTCTCGGTGATTCTAGGGTTCATTGGTCTCGTTTTGTTCGGTGACTGCTTGAGTTTCACGTTTTTGGTTTCGATTTCTTATGGGAGATTCCTCGGTTTCGACAAGTTCATGGGCTGTCATTGAATCTGCTAATAGGTTTCAGGTGTCGAGCGTTATGGGTGAGTCCTCTGGATCAAGCAGTTCATTGGCTGCTATAAATTCGTCCAACATTGGGTTTCAGCTCCTAAAGAAGCATGGCTGGAAGGAAGGCACTGGTCTTGGAATCGCTGAACAGGGTATATTGGTGCCTCTACAAGCAGAGCCAAAACATAACAAACGAGGAGTGGGAGCTAAACAACCAGCTAAGAGAAAAGTGGCTCAGCCTCAGGCTAAGGTCTTGTTTCTTAAAACCCTTACATGCGATAGCCTTTAAATCTGAAAATAGCTAATGATGAAGAAGTGTTCAGGCATTGATAAAGAGTCTCATCTGATTTTATTTTTTGAAAGTCTGCATCAGCGACACTTCATATCTCAATAGTGCTGGACTTGATTTTTGGCTTATCACGTTGCCATTAGCTTTTATGTTTCATTTGTTTTCAAGTTAGG
GGJX01000060	GACGATCCAACTGCTACAGGCCGGCGATTAGCAAAGGCGGTGGTTCGATAGAGAGAGGAAGAGATTGAAGCGATTTTCACTCAGTTTTCATCAGATCGTCTCGGTGATTCTAGGGTTCATTGGTCTCGTTTTGTTCGGTGACTGCTTGAGTTTCACGTTTTTGGTTTCGATTTCTTATGGGAGATTCCTCGGTTTCGACAAGTTCATGGGCTGTCATTGAATCTGCTAATAGGTTTCAGGTGTCGAGCGTTATGGGTGAGTCCTCTGGATCAAGCAGTTCATTGGCTGCTATAAATTCGTCCAACATTGGGTTTCAGCTCCTAAAGAAGCATGGCTGGAAGGAAGGCACTGGTCTTGGAATCGCTGAACAGGGTATATTGGTGCCTCTACAAGCAGAGCCAAAACATAACAAACGAGGAGTGGGAGCTAAACAACCAGCTAAGAGAAAAGTGGCTCAGCCTCAGGCTAAGGATGAAGAAGTCTCAAAGCAGAGTAAGAAACTTTCGAAGAAAATGCGGAAGATGATGGAGCACGAAAAACATTTACAGGAAAAAGAATTTGAACGAGCCTTCTTTAGGGAGTTCTGGCCCGATAATGTATAACTAGGTTTTATTCTTTTACTTCTTATTGACCTGAATGTTCCAAAAGCTTCTGTATTTACTGCAAATTTAGAATAACTCTGTTCTATTGCCTTATCAATGAAGAAAAATAGTTATAGAATCATGCGCTCAACCTTATACCTTTAGAAAATGGGAAAAGAAAATGAAGTTAATGCAGACACTTCAAGTAAAGGTTTTTGTTAGCAAGTTTCTAAAGTGTA
GGJX01000061	GGGTTTTAGATGAAATGAGAAGCAAAGGATTGAAGTTTGATGAGTTTACTTGTAGTACTGTGCTCTCTGCTTGTGCAAGAGAAGGTTTGTTAAGAGAGGCCAAGGAGTTTTTCGCTGAACTTAAGTCATGCGGCTATGAACCTGGTACTGTTACGTACAATGCTTTGTTGCAAGTTTTTGGTAAAGCAGGAGTTTATACAGAAGCGTTGAGTGTTTTGAAAGAGACGGAG
GGJX01000062	GAGACCTCCACCATCTCAATCCTCTAACCAATCTATCAAATTCAGTTCCGCTACTCTTCACTTACCTCCTCCTTCTCCTCCTTCTTTCCCTCTCGATTCTCTTCTTCACCATCTCGTTCACCTCTCTTCCCCGCCTCCTAGACACTCCAACTCCGCCGCCGCTCGTTTCCCTTCTCTCGAAGTCTCGACTGATTCATCATCGTCGAAACCCATTCTGGGTATTGAAATTGAGAACGAGAGAAATGGGTCTTTGAAACTCTTGTGTAAGAAAGAAGTTGTCTTGGTTAATTCCATTGTTGAACAGCCTTTGACTGGTTTGAGTAGGTTTTTTGATTCTGTGAAATCGGAATTGCTTAGAACTGATTTGGTTAGTTTGGTTAAGGGTCTAGATGATTCTGGGCATTGGGAAAGAGCTGTTTTTTTGTTTGAATGGTTAGTTTTGTCTTCAAATTCTGGAGCTTTGAAGCTAGATCATCAAGTTATCGAAATCTTTGTTAGGATTTTAGGTAGAGAATCTCAGTACTCTGTTGCAGCTAAGTTGCTCGATAAAATTCCTCTACAAGAATATCTCCTCGATGTTCGGGCTTACACGACGATCTTACATGCGTATTCACGGACTGGGAAGTATGAAAAGGCTATCGATTTGTTTGAGAGGATGAAAGAGATGGGTCCTTCACCTACTTTGGTGACTTACAATGTGATTCTCGATGTTTTCGGGAAAATGGGT
GGJX01000063	ATGGACCTGCTTCTAGATTTCAGGCACGTTTTCTTGACAGTTGACACATATTCCTTTTCGTTTTTTTTTTGGTTAGATGTTCAAGTTTGCTCTTCTAATTGGTTTGGGAAGACAAAAAGTAAATAAATTGACAGTTCTATAAGCATCCTGTATAATTCATAATCAGTTCGGTAAGCATCCTGTAGCATCTACGTCTGGTGATATACTTTCTGTTCTAAGTCATGAAGGCATTTATACATACTACATAGGCGTGGACGTACAGTTTGTATCTGACTCTTTTACAGTTATTGGGAATACACACCCTAAACGATTTGCTTATTTAATTACTGTGTAGGGTTCATGTCATGAGGACATAA
GGJX01000064	GTGTATTTGACGGTCACGGTCCCATGGGTCACAAGATTTCTCGTCACGTATGTGAAAATTTACCTTCGAGGGTCCATTCAAAAATTAGATCTTCCAAATCTGCCGGCGATGAAAACATAGAGAATAATAGTTCACAGAGTCAGGAGGAACTCTTCCGTGAATTCGAGGACATTCTAGTGACATTCTTCAAGCAAATAGACAGTGAACTTGGTCTCGACTCTCCTTATGATAGTTTTTGCAGCGGTACAACTGCTGTAACTGTCTTTAAACAGGTAAATCAGCAGTCTCTAAAGCTTTATGAGTTTTTTAAGACAGTTGATCAAAAAAAATTGAAAGATGTTTTGTCAAACATTTTGCAGGCTGACTGTTTGGTGATCGCCAACTTGGGACATTCACGAGCCGTTCTTGGCACCCGAAGCAAGAACAGTTTCAAAGCTGTCCAACTCACGGTTGATCTGAAACCCTGTGTCCAACGCGAAGCAGAGAGAATAGTGTCATGCAAGGGAAGGGTGTTTGCTATGGAAGAGGAACCCGATGTGTATAGAGTGTGGATGCCTGATGATGATTGCCCGGGGCTCGCAATGTCAAGGGCTTTTGGTGATTTCTGCCTCAAAGACTATGGACTTGTCTGCATTCCTGACGTCTTCTGCAGAAAAGTCAGCAGAGAAGACGAGTTTGTGGTTCTAGCTACTGATGGGGTAAACAACTTGTACAGCTTTCAGTCTTCTGACAAATGGATTCCCTACTAAATGGTTTCTGCGTGTTCTTTGGATGAACAGATTTGGGATGTTTTGTCAAACGAAGAAGTGGTGAAAGTTGTAGGTTCCTGCAAGGACCGGTCAGTTGCAGCTGAGATGTTGGTTCAGCGAGCCGCTCGGACTTGGAGAACAAAGTTTCCAGCCTCAAAAGCTGATGACTGTGCGGTGGTGGTGCTTTACCTAAACCACCGGCCTTACCCAAGAGAAGGAAACGTGAGCCGAGCAATATCAACTATTTCCTGGAGATCAAATAAGAGCAATAACGAGTGTTATGGAGCCGCACCATTGTCACCATTGGGTCTATCCCAAAGGGTTTCATAGTAGGATAATTGTTACTGTTGTTGTTTCTAACTGTTTAGTAAAATTTGAACCTGTTGAGGTGTCGATATTACTCAACATCAACTTTATTTGTGTGTGAAATAATTTTGTGTTCTGTTTGTTTTTTGAAGCTATTAAAAAGTAAAAAGAGTAGACAAACTAATGGACTTGGTCTTCTTTTCCGCAAATCCAAATTTCAACCTCACAGTTGTTCAAGATTCATAAGTTCTTTTTGTGCAGCAAATGCATTAACCTGAACAGCTACAAAAAAAAAAGTAAAGATGGTAAGTACTTAACTAAAC
GGJX01000065	GGGTTTGATTAATGAGAAAGCATCATTTTAGATTATAAGCAAGCAAAACGATGATGCATAATGCATAAGCGGGGAGCTTTCCCACCATTAGAATTTCTATAAATTTTTGACATATGGTAAGAAATTGATTTAGCTATAATTTGGTGGTGGTTTTTACTTTTTAGTCATTCAAAAGATACATATGATTTAGTGAGCATGCCATTGAGCCTTACATTGTATTGAAACAATAAAACCTCTTTGAGCCTTAATTTGTATTGGTAATATGCCGAACGAACTCATCGATGTTTACATTAGACGAACCGCTTTTCGCAACAGCTCCTCGACTGATTTCACTAAGGTCACAAGCCCTTCTTCTCATCTCTTTCCCTTCTTCACTCTCTCTATCCATAAACCTCTTCACTACTTCCTTGATCTCCTCTCTCCCTATCAACAACTCATTCTTTTTCGTCCTCTCGATCCTCATTCCGACTCTCCAGTCCTCAACAATCATCTTAGCGTTCAGAATCTGATCCCAAAACAACGGAAACGCTAGCATTGGTACTCCTGAATATATCCCTTCCAATGTCGAGTTAAACCCGCAATGAGTCCAAAACCCGCCTACAGCTTTGTGACACAGCACCCGAAGCTGATCACACCAGCTCACCACTACACCTAAGCTACCTTCAAGAGCCTCCTTAAGCTTTAACTCGCCCCCACGAGCCACCCAAAGAAACCGGACTCCACTTTCTCTCAGTCCTTTCACTATTTCCTCCATCTGAGCTTCCGAGACCGAAAGAAAACTTCCCTGAGATATGTAAAGAACAGAGCCTTCCGGTTGTTCCTCAAGCCACTGGATGTAATTAGGTTCCTTGTTATCATTTTGAACAGAAAGTTCTTCAAAAGGTATTAAAGGACCAATAGCGTAGACCGGGATATCGAGCTTGGAGGTGAAAGCGTCAATAGCTTTGTGTTCAAGCTCATAGGCGGTGGTGAAGAGTAAAGACCTAGCTCCTGGTAGTTCATCGAAACACAACTTAGCTGTCTTGAAGACTCGGTCGCTGTAACCGTCAAATATCGGCGGCAAATCTCGGAGTTTCGTCGGAGATAAACCGGGGACGTAATCAACAACCTCTTCTTCTGATGGTTCGAACAGAGCATGGCCATGACTTATGAGTAGATCAGAGTGGAGGAAGAAGGAGAGAATCGTGGCTGACATGGTCCAGAGAGAAACCACCGGAATATTCCTTTTTCTGCCGACTCGCACAGCCCAAATGACGTAAGTGTCGGCGAATATTACACTCGGAGGTGGTGAATTGAGGCTGTCAAGAAGCTTCTCGAATGGTTCTTCCAATCTTGTGTAGACGGCATCAATGAAGCCTATGAAGTCTTTGGCCCTGACAAGCTCGGAAGGGATGAGATTAGGGAGAGTGGAGAAATGGATCCGGTCGGGTTTCGGGTCGGGTCCAATAAACCCGAGCCATTCTTCTGTGACGACGAAGGTGACGTGAAGGTTAGGGTATCGACGGACAAGGCGTTTGCAGAGGTTCATCATAGGGTTGATGTGTCCTCGACCTGGATAAGGCATGGCCACCACGTGGCGAAATTGGTTTGGTGGAGATTCATTTGGATCCATAGGTTGTTTCTTGTGAAGTGTGTGATTTTGGTCACTGTGACTTGAGGAGGTGAAGAAGAGAGTAGTGGGATGCAAAAAAAAAGTTTTAACATTAAAGCAAAGTTGGTGGTCA
GGJX01000066	AATCAATACTAATTAAGTTTCAACAAGAATCAATATATACCAAGTTTCAAGAATCAAAACTAATTCACTGATGCTTTACCTGATGGTTCGAACAGAGCATGGCCATGACTTATGAGTAGATCAGAGTGGAGGAAGAAGGAGAGAATCGTGGCTGACATGGTCCAGAGAGAAACCACCGGAATATTCCTTTTTCTGCCGACTCGCACAGCCCAAATGACGTAAGTGTCGGCGAATATTACACTCGGAGGTGGTGAATTGAGGCTGTCAAGAAGCTTCTCGAATGGTTCTTCCAATCTTGTGTAGACGGCATCAATGAAGCCTATGAAGTCTTTGGCCCTGACAAGCTCGGAAGGGATGAGATTAGGGAGAGTGGAGAAATGGATCCGGTCGGGTTTCGGGTCGGGTCCAATAAACCCGAGCCATTCTTCTGTGACGACGAAGGTGACGTGAAGGTTAGGGTATCGACGGACAAGGCGTTTGCAGAGGTTCATCATAGGGTTGATGTGTCCTCGACCTGGATAAGGCATGGCCACCACGTGGCGAAATTGGTTTGGTGGAGATTCATTTGGATCCATAGGTTGTTTCTTGTGAAGTGTGTGATTTTGGTCACTGTGACTTGAGGAGGTGAAGAAGAGAGTAGTGGGATGCAAAAAAAAAGTTTTAACATTAAAGCAAAGTTGGTGGTCA
GGJX01000067	ATGGATAGCCACACCTTAGCTTAGACCAAACGTTTAGGTACAAAGAGTATGATAAAGTTGAGAACTTAAGACAATGTCAAGAACATCAAAACCATGTCCTGATCATACATTCTCTTGTTTAATCAATGTATTATAGATTGGACTGAGACTCAAACACAGATGCCACTCGATGTCAGAAACGAGCCACTTTCGTGACAAAAGAAGCTTGGAAAGCAAAGATAAATAACGGGTTTGGTTGGACATATCAAGCCAGTGAGGATTAGACCTTAGATGGAACCTTGGTGTCAGTGTCCACCTGTTTTTGGCCTTCGAACTTGTCTATAGCCACTTGAAGCTCGTCTGTGCCACCAACCGCCCTCATTGTGTAGAAGTATACCCCAAAAACAAAAGCTGTCAAGCCACCAGCTACAACCGTGTTCTTGCCTTTTGGGCCTAGGTAACTAAAACCTGGAAATCCCGCCATTACTTCAAAGTCTTTAACCTGGTGATGAAGGTTTGATGATCACTCGAAAATCCGAAAGATACAACAAAGCTGATATTTTTTTCTTCTACAGAGAATCGTGCCTAAATGCGACAGAAGCCTAAAGTTTCCCTATTTAGTTGACAACTGGTTCGGTGACGCTTAGTGTCGTGGCCACTTACCAATCTATCGAAAACCCTAAACCCAGTAAGAGCTCTCGTGTGAAAGAGGGATAGAGGC
GGJX01000068	GAAAATATCAATCAAAAATTGGTTCTTTAAGCAAATTACTCCAAAGTCCACAAAATTAAAATGGAATCGAAAGGAACCTGGTGATGAAGGTTTGATGATCACTCGAAAATCCGAAAGATACAACAAAGCTGATATTTTTTTCTTCTACAGAGAATCGTGCCTAAATGCGACAGAAGCCTAAAGTTTCCCTATTTAGTTGACAACTGGTTCGGTGACGCTTAGTGTCGTGGCCACTTACCAATCTATCGAAAACCCTAAACCCAGTAAGAGCTCTCGTGTGAAAGAGGGATAGAGGC
GGJX01000069	GTTTAGGTATTGTGACGAATGTTCATGTGGAACTTTACAAAGATTCAGATAGCGAAGACAACAACATAGAGGACACTTGTTATCTCATTGTCCTGAGGACGAACAGAGGAGCTATCAAGTTAGACATGGCCGACGATTACAATCGTTACAAGACATGGGTCACAACGATCCAACACATGCTCACTCTCTCTTCTTCCTCCTTAAGTACAAATTACGCTCTCACTTTCTGAGATTTGAGAAGCAAGAGATGCTGAATTGACTTGAGAAACAAGGCTTCCTCGTCTTCGATCTCTTCACAGCCTGGTACAATCCTGCGAAGGATCCCGAGGTTTCTTTGCATACAAGTTTCTCGAAACTTGGGTTTCTCCTTTTGTCCTTTGCGACCGCGGTGCCTAACCTTCTTACACTTCACCATCTTCATCACTTCTTGCACTCCAAGCTAAGATATAAAGCCATATATATAGAGAAACTGTA
GGJX01000070	GTTTAGGTATTGTGACGAATGTTCATGTGGAACTTTACAAAGATTCAGATAGCGAAGACAACAACATAGAGGACACTTGTTATCTCATTGTCCTGAGGACGAACAGAGGAGCTATCAAGTTAGACATGGCCGACGATTACAATCGTTACAAGACATGGGTCACAACGATCCAACACATGCTCACTCTCTCTTCTTCCTCCTTAAGTACAAATTACGCTCTCACTTTCTACAACAAAAACTAAAAAAATTCATCGCCTTGTTCATCGTTTTTCTCTGTGTAATTTTACTTTATCCCCTCCTCTGTTTTCTTATGTCTCTCTCGCTTGATCTTATAATGTAATGCATAAACAACTTGAGAACTTACGTTCTTTTAATTAGACTCCACATACATCAGCTAGCTTTTTAAGTAAATTAACCTGA
GGJX01000071	GAATGACCAATTGGATAGTCTTCTTCTTCTTCTTTGGAGTTTCTATTTTAAAATAGTTTTAAAAAGTCTTGTCGCGTGCTTGTTGCTTTAGGAAGCTGATGATGTTGTCAGTGTCACTGCGAATTGCTAGGAAATTTTCAAGTGGGGTCCTCCACTACTACTTGCTCCTCGTTGCTTATTTAGTCTTCTCTCTATCTCTCTCTCGAGCTCCATTGACTTGACTTGGTGGTATCCAATGGCCATCACCGATTTTTTCGCCGGTGAAATTGCGACGGAGCTCCTGAAGCAGCTCTTTACGATATCTACAACGGCGTGGAGATACAAAAACACCGCCAAACAACTCCTCACCTTGATCGATAGCATTCGACCGACGATCAAGGAGATTCAATACAGCGGCGTGGAGCTTCCTGCTCACCGCCAAGCTCAAATCGGTATGCTCTTCGATACTTTAGAGAAAGGCAAGAAGCTCACTGACAAAGTCCTTAGCTCTAAGCGATGGAATTTATATCGACAGCTAACCCTAGCCAGAAAAATGGAGAAGCTAGAGAAGACCATCTCTAATTTCCTTAAAAATGAGGTCTTTACACATATCCTCGCTGACGTTCATCATCTCCGGGCCGATACCAGTGTGCGTTTGGATCGGGTTGACATGAGCCTCGACAGGGTGATTCAGCAAGTGGGTTCCATGAAAATTGGGGGAGGTGGCTTGATATCAGAGGCCATGAAGAGAGCCGAGGCTATGGAGATTGAGACCAACGACGATTCGGAGAAATTTGGGGTTGGATTGGAATTGGGAAAGGTTAAGGTTAAGAAGATGATGTTCGAATCTCAAGGAGGGGTTTTTGGGATCAGTGGAATGGGCGGTGTTGGTAAAACCACTCTTGCCAAAGAACTTCAACGGGACCATGAAGTCCAATGTCACTTTGAGAACCGGATTTTGTTTCTGACTGTATCACAATCTCCGCTTCTTGAGGAGCTGAGGGAACTTATATGGGGTTTCTTATCTGGTTGTGAAGCTGGAAATCCTGTTCCTGACTGTAATTTTCCGTTTGATGGCGCGCGTAAGCTCGTGATTCTTGATGATGTTTGGACCACACAGGCCCTGGACCGCTTGACCTCGTTTAAGTTTCCTGGTTGCACAACTCTTGTGGTCTCACGATCCAAACTCACTGAGCCTAAATTCACTTATGATGTCGAAGTACTGAGTGAAGATGAAGCAATCTCTCTCTTCTGTCTCTGTGCTTTCGGTCAGAAATCTATCCCTCTTGGTTTCTGCAAAGATCTGGTTAAGCAGGTTGCTAATGAATGTAAAGGGCTTCCTTTAGCTCTCAAAGTCACGGGTGCTTCATTAAATGGCAAACCTGAAATGTACTGGAAGGGCGTATTGCAGAGGTTATCAAAAGGTGAACCTGCTGATGACTCTCACGAGAGTAGATTGCTTCGTCAAATGGAAGCTAGTCTAGACAATCTCGACCAGACGACCAAAGATTGTTTCTTGGATCTTGGCGCCTTCCCTGAAGACAGGAAGATTCCTCTTGATGTTCTCATCAACATTTGGATTGAGTTACATGATATAGATGAAGGAAATGCTTTTGCCATCCTTGTTGATTTGTCACACAAGAATCTCCTTACTCTTGGGAAGGATCCACGGCTTGGCTCTTTGTACGCAAGCCACTATGATATATTTGTGACACAGCATGATGTTCTGCGAGACCTAGCTCTTCATTTAAGCAATGCAGGGAAAGTAAACAGAAGAAAGCGGTTGCTGATGCCGAAAAGAGAGTTAGATCTTCCAGGAGATTGGGAAAGGAACAATGATGAGCATTACATTGCCCAGATTGTCTCTATTCATACTGGGGAAATGAATGAAATGCAATGGTTTGACATGGAGTTCCCCAAGGCAGAGATTCTAATATTGAACTTCTCTTCAGACAAGTATGTTCTTCCGCCTTTTATCAGTAAGATGAGCCGGCTTAAGGTCCTAGTGATTATCAACAACGGCATGTCTCCCGCGGTTCTCCATGACTTTTCAATATTTGCTCATTTGTCGAAACTAAGAAGTCTCTGGCTAGAGAGGGTTCACGTCCCTCAACTCTCCAACTCAACCACCCCCTTGAAAAATCTCCACAAGATGTCTTTGATTCTGTGCAAGATCAATAAAAGTTTTGATCAAACCGGACTTGACGTGGCAGATATCTTCCCAAAATTGGGCGATCTGACAATAGATCACTGTGATGATCTCGTGGCACTACCTTCAAGCATTTGCGGACTGACCTCCCTTAGCTGCTTAAGCATAACAAATTGTCCACGCCTCGGTGAATTGCCCAAGAACCTCAGTAAGCTACAAGCTCTCGAAATCTTAAGGCTATATGCTTGCCCTGAGCTAAAGACATTACCTGGAGAAATATGTGAGCTTCCTGGGCTTAAGTATCTCGACATCTCACAATGTGTCAGCCTGAGTTGTCTTCCAGAGGAAATAGGAAAGCTAAAGAAGCTTGAGAAGATCGACATGAGAGAATGTTGCTTCTCGGATAGACCGAGCTCTGCTGTTTCACTGAAGTCTCTGCGCCATGTAATCTGCGATACCGACGTTGCATTTATGTGGGAAGAAGTTGAGAAGGCTGTTCCAGGGTTAAAGATCGAAGCTGCTGAGAAATGCTTCAGCCTAGACTGGCTTGACGAATAAAGTGTAAACTCATTGTTTAGAGTCTGGTAAGTTAAATGGCTTGTATAGAGAACTCTTTCTACTCTGTTTTCTAATTTCTAAGTTCAATAAAGGATAACTTTTCATAACAAACTTCTACTCTCTCTTTTCTACATGAAAGTTTAGAAACTGAAAAGATTTGTGAAACAAAGCTGATTCTGTTCCAAATTCCTCGACAAAGATGCCAAAATAAAGAATACTAAAAGACAAGAG
GGJX01000072	GAATGACCAATTGGATAGTCTTCTTCTTCTTCTTTGGAGTTTCTATTTTAAAATAGTTTTAAAAAGTCTTGTCGCGTGCTTGTTGCTTTAGGAAGCTGATGATGTTGTCAGTGTCACTGCGAATTGCTAGGAAATTTTCAAGTGGGGTCCTCCACTACTACTTGCTCCTCGTTGCTTATTTAGTCTTCTCTCTATCTCTCTCTCGAGCTCCATTGACTTGACTTGGTGGTATCCAATGGCCATCACCGATTTTTTCGCCGGTGAAATTGCGACGGAGCTCCTGAAGCAGCTCTTTACGATATCTACAACGGCGTGGAGATACAAAAACACCGCCAAACAACTCCTCACCTTGATCGATAGCATTCGACCGACGATCAAGGAGATTCAATACAGCGGCGTGGAGCTTCCTGCTCACCGCCAAGCTCAAATCGGTATGCTCTTCGATACTTTAGAGAAAGGCAAGAAGCTCACTGACAAAGTCCTTAGCTCTAAGCGATGGAATTTATATCGACAGCTAACCCTAGCCAGAAAAATGGAGAAGCTAGAGAAGACCATCTCTAATTTCCTTAAAAATGAGGTCTTTACACATATCCTCGCTGACGTTCATCATCTCCGGGCCGATACCAGTGTGCGTTTGGATCGGGTTGACATGAGCCTCGACAGGGTGATTCAGCAAGTGGGTTCCATGAAAATTGGGGGAGGTGGCTTGATATCAGAGGCCATGAAGAGAGCCGAGGCTATGGAGATTGAGACCAACGACGATTCGGAGAAATTTGGGGTTGGATTGGAATTGGGAAAGGTTAAGGTTAAGAAGATGATGTTCGAATCTCAAGGAGGGGTTTTTGGGATCAGTGGAATGGGCGGTGTTGGTAAAACCACTCTTGCCAAAGAACTTCAACGGGACCATGAAGTCCAATGTCACTTTGAGAACCGGATTTTGTTTCTGACTGTATCACAATCTCCGCTTCTTGAGGAGCTGAGGGAACTTATATGGGGTTTCTTATCTGGTTGTGAAGCTGGAAATCCTGTTCCTGACTGTAATTTTCCGTTTGATGGCGCGCGTAAGCTCGTGATTCTTGATGATGTTTGGACCACACAGGCCCTGGACCGCTTGACCTCGTTTAAGTTTCCTGGTTGCACAACTCTTGTGGTCTCACGATCCAAACTCACTGAGCCTAAATTCACTTATGATGTCGAAGTACTGAGTGAAGATGAAGCAATCTCTCTCTTCTGTCTCTGTGCTTTCGGTCAGAAATCTATCCCTCTTGGTTTCTGCAAAGATCTGGTTAAGCAGGTAATTTTAATAGTTTCTTCTCCGACGCCTAGCATAATATTCAAAGCTTTTCGATTCTCAGAGTTCTCTGTTTGGCTCAGGTTGCTAATGAATGTAAAGGGCTTCCTTTAGCTCTCAAAGTCACGGGTGCTTCATTAAATGGCAAACCTGAAATGTACTGGAAGGGCGTATTGCAGAGGTTATCAAAAGGTGAACCTGCTGATGACTCTCACGAGAGTAGATTGCTTCGTCAAATGGAAGCTAGTCTAGACAATCTCGACCAGACGACCAAAGATTGTTTCTTGGATCTTGGCGCCTTCCCTGAAGACAGGAAGATTCCTCTTGATGTTCTCATCAACATTTGGATTGAGTTACATGATATAGATGAAGGAAATGCTTTTGCCATCCTTGTTGATTTGTCACACAAGAATCTCCTTACTCTTGGGAAGGATCCACGGCTTGGCTCTTTGTACGCAAGCCACTATGATATATTTGTGACACAGCATGATGTTCTGCGAGACCTAGCTCTTCATTTAAGCAATGCAGGGAAAGTAAACAGAAGAAAGCGGTTGCTGATGCCGAAAAGAGAGTTAGATCTTCCAGGAGATTGGGAAAGGAACAATGATGAGCATTACATTGCCCAGATTGTCTCTATTCATACTGGGGAAATGAATGAAATGCAATGGTTTGACATGGAGTTCCCCAAGGCAGAGATTCTAATATTGAACTTCTCTTCAGACAAGTATGTTCTTCCGCCTTTTATCAGTAAGATGAGCCGGCTTAAGGTCCTAGTGATTATCAACAACGGCATGTCTCCCGCGGTTCTCCATGACTTTTCAATATTTGCTCATTTGTCGAAACTAAGAAGTCTCTGGCTAGAGAGGGTTCACGTCCCTCAACTCTCCAACTCAACCACCCCCTTGAAAAATCTCCACAAGATGTCTTTGATTCTGTGCAAGATCAATAAAAGTTTTGATCAAACCGGACTTGACGTGGCAGATATCTTCCCAAAATTGGGCGATCTGACAATAGATCACTGTGATGATCTCGTGGCACTACCTTCAAGCATTTGCGGACTGACCTCCCTTAGCTGCTTAAGCATAACAAATTGTCCACGCCTCGGTGAATTGCCCAAGAACCTCAGTAAGCTACAAGCTCTCGAAATCTTAAGGCTATATGCTTGCCCTGAGCTAAAGACATTACCTGGAGAAATATGTGAGCTTCCTGGGCTTAAGTATCTCGACATCTCACAATGTGTCAGCCTGAGTTGTCTTCCAGAGGAAATAGGAAAGCTAAAGAAGCTTGAGAAGATCGACATGAGAGAATGTTGCTTCTCGGATAGACCGAGCTCTGCTGTTTCACTGAAGTCTCTGCGCCATGTAATCTGCGATACCGACGTTGCATTTATGTGGGAAGAAGTTGAGAAGGCTGTTCCAGGGTTAAAGATCGAAGCTGCTGAGAAATGCTTCAGCCTAGACTGGCTTGACGAATAAAGTGTAAACTCATTGTTTAGAGTCTGGTAAGTTAAATGGCTTGTATAGAGAACTCTTTCTACTCTGTTTTCTAATTTCTAAGTTCAATAAAGGATAACTTTTCATAACAAACTTCTACTCTCTCTTTTCTACATGAAAGTTTAGAAACTGAAAAGATTTGTGAAACAAAGCTGATTCTGTTCCAAATTCCTCGACAAAGATGCCAAAATAAAGAATACTAAAAGACAAGAG
GGJX01000073	ATATTTCTTAACATGCCTACCAACATTTCCCTGTACTGAGAATTCACTCTTGCAGTTCTCCTTCGGACACTTAAAGAGCTTCCCTTTATGTGTAAGAAGATGCCTATTGAGATGATCCTTCCTCCTATAGCTAGCAGCACAATCATCCACATAGCAAGTAAAAGATCTCTCGAGCGAATGACTCTGCATATGCTGCTTCAAGTGAGCAGGTTTCTTAAACTCAGCACCACATTCTTGACAAGTATGATTACTTGAAGACTCCTCATCAACCTCACAAGCTTCATCATCTCTTTCCTCTTCAAGTTCCATCTGATGATGAGATTGGATGTGTTTAGTGATGAGATAGTTTTTAGATCTGCTGATTCCGCAATACTGGCATAGATAATTGCGTATATCCTTCTTCGCCGAAGTCTTCACATCAACTTTAGCTTCTTCCGCCATGTCTCTCTTATTGTCTACAGAAGAACTAGGGTTTATCTCCTCCATCAAG
GGJX01000074	GCTTACTTGCTGGAGCTTCTCAGGAGGTCTCCCAACCTGATACTAGTCCATAACATGTAGCCTCGCATTTTGGAGTTCTCTCTTTGGGATCCAATGCCTCACGCAATAACATAGGTAAGACCTTTTGATTTAAACAAAAGGCTATTTATTTCCTCGAGCGAATGACTCTGCATATGCTGCTTCAAGTGAGCAGGTTTCTTAAACTCAGCACCACATTCTTGACAAGTATGATTACTTGAAGACTCCTCATCAACCTCACAAGCTTCATCATCTCTTTCCTCTTCAAGTTCCATCTGATGATGAGATTGGATGTGTTTAGTGATGAGATAGTTTTTAGATCTGCTGATTCCGCAATACTGGCATAGATAATTGCGTATATCCTTCTTCGCCGAAGTCTTCACATCAACTTTAGCTTCTTCCGCCATGTCTCTCTTATTGTCTACAGAAGAACTAGGGTTTATCTCCTCCATCAAG
GGJX01000075	GGGTCGGGTCGTTCCTTCATTGGGTGGAATCTCGTCGCTTCAACACTTAGATCTGTCGGATAACGGTTTCTACGGACCTATACCGGGTCGGATCTCGGAGCTTTGGAGTTTGAATCATCTCAATTTGTCTTCCAACAAGTTCGAAGGTGGGTTTCCTAGTGGCTTTCGGAATCTTCAGCAGCTAAGATCTTTGGATTTGCATAAGAACGAGATTTGGGGAGATGTTGGTGAGATTTTCACTGAGCTTAAGAATGTTGAGTTCGTTGATTTGAGCTGTAACCGTTTCAACGGTGGCTTATCTTTACCAATGGAGAACATTTCCAGCATTTCCAACACTCTCCGTCACTTGAATTTGAGCCACAATGCGTTAAATGGCAAGTTTTTCAGTGAGGAGTCCATTGGTTCGTTCAAGAATCTCGAGATTGTTGACTTAGAGAATAACCAGATCAATGGTGAGTTACCGCATTTTGGATCACAGCCGAGTTTGAGAATATTGAAGCTTGCTCGTAACGAGTTGTTCGGTTTAGTACCTCAAGAGTTGTTGCAGAGTTCGATTCCTTTGCTAGAGCTAGATCTAAGTCGAAACGGTTTTACAGGATCAATTAGTGAAATCAATTCATCAACGTTAACTATGTTGAATCTTTCTTCTAACGGCCTGTCTGGGGATCTTCCGTCGAGTTTTAAAAGTTGCTCAGTGATAGATTTGAGTGGGAATACTTTCTCTGGCGACGTGTCTGTTGTTCAAAAGTGGGAAGCTACTCCAGATGTTCTTGATCTTAGCTCAAACAACTTGTCGGGAAGCTTGCCGAACTTTACTTCTGCATTTTCAAGATTAAGTGTGTTGAGCATTAGGAATAATTCTGTCTCTGGTAGCTTGCCTTCTCTGTGGGGTGATTCTCAATTCTCTGTGATTGATCTCAGTTCAAATAAGTTCAGTGGCTTCATTCCAGTGAGTTTCTTCACTTTTGCAAGCTTGAGAAGTTTGAATCTTTCTAGGAATAACTTGGAGGGGCCAATTCCTTTTCGAGGTTCACGTGCA
GGJX01000076	CTCTCTCTCTTCTTCTTCTTCCCCTCTTTCAATTTTTTTCAGATTCCGAGTACAATCCCTAAATCTCCGTCTCTCTGTTTCTCTCTTCTCTCAAGTCTCAGCTATGAATCCTTACTAGGGTTTATTCTTTCTGTGTTTCTCACTCTGCATTTGCTTCTGTGGAGTAGATAGATTCTTCAGGGCTAAATGAGTCATTTTCTCACTTTCTGCTTCCTCTCACTCCTTCTCCTCCTCCACGGTGCCAACGCCGTCACCGAGACGGAGCTCCGATCTCTACTCGAGTTCCGTAAAGGGATCCGTGACGAGACCTCACACCAACGAATCTCATGGTCAGATACAAGCAGCCTCACTGATCCATCTACTTGCCCTAATGACTGGCCTGGTATCTCTTGCGACCCTGAAACCGGTTCAATCATCGCCATTAATCTCGACCGTCGTGGTCTCTCCGGCGAACTCAAATTCAGCACTCTCTCTGGTCTTACTCGTCTTCGTAACCTCTCTTTATCCGGAAACAGCTTCTCG
GGJX01000077	GAGAGAGGCAAGTATAGTTCAGACAGTAACATACTAACCGTATACACAACGGTATTATATTGGTAACATATCAAAGCTCTCTATATGTCTCTGAAGAAAAGATCTTGCTCGAGGCTTAGACTCACCGATTTGATGGAGAAGTGGAGGAAGTGTAAGAAAGGACACTTCGCTGTGTATACCAGAGAAGGCAGGAGGTTTGTTTTACCCTTGGATTATCTCAAACATCCAATCTTTCAGGTCTTATTGGAGATGGCAGAGGAAGAGTTTGGCTCCACTATTTGTGGCCCTTTACAGGTTCCTTGCGACGGAGGTTTGATGGATCACATCCTCATGTTGTTGAGGAACAAGAGTTTGTCTGACCATGATGATGATGGTGGTGATGATGGTGTGAAGAAGACGATGAACCAGGATGTGTCCCCCATGAGCACGTCGTGCAAGGGAGCTTCATCGGTTTCATATTTCTTCCCTCTCTTTCGTTGCAACGCAGCCCATGATCAGAGCAAGCTCCAGTCTCTAGTTTTTTAACAGTTTATGGTTGTGGAGAGCGCTTTTTATACACAAAAATCTTTTCTGTTTGTATATAAATAGAAACAGAGATTCTCTATAAACCTTCAGTTTGTATATCATTATTCATTTTTGACAGAGATATATGTGGAAGAAGTAACTTAACATTTAAACCAAACAAACGGGTTAACATACCGTGAAGTGCGAGATAAGGATGGTGACAGAGCCTCCTGCTAGAGTTTTGAAGTTGTGAGCTTTGTAAGTTCTCTTCTTAAAATCTTGCCCGAAGGATTTTTGGGGATTGAAGCCAAAAATGTGACTTTGCGAATCTTCTTGTACGGTGATACCTATGTAACCCAACCAGAATTCCGGTTAAACCTAAATACCTAATGAACCACTGTCATATTAGTCAGAAAACATGAACTGCATTGTTAAAAAAAACCTGTTTTGCGACAAATCCCATGATTTCGCTCTCGGATAAGTTACTTCCAACTTTTCTTACGATATATGCCATTGGATATTGCCCAGCTTTCATGTCAGGGATGCTTCAAAAAACCATAAGAAAGAAAAGTAAAAGCTTCAGCAATTAGCAAAAAG
GGJX01000078	ATCTGGTTCTAGACCTTTTTCCTGCATTCTCATGTATGCCTTTAGGGCCATGTCAATGTCTCCTGATGCACTATAAGTGTATATCACTGCGTTGTATGCAAAATGCTCGCGAGGAATTTCACCACTTGTGAGCTCTTGGCATGATTCCAGCGCATATGCATACAAACCCATGGCTGAGAACAGAGTTGCAGTGATTGCTGGTGTTGCCAGTGGTTTAGCTTCATTGTATGCGGTTTGTAGCTGCGACACAGCTTCACTTGGCACCCCACCTTTCTTCAAGAGCGTGAAGAGCGTTTTAAATGTTCCCCAATCCAGCAAGAGCTTTCTTTCAACTAACATCTCATGAAACAGTTCACAGCATTCACTTAACTGCCCATCAGCAGCGTAGCAAGCCATAACCTGATTAAATGAAGTGCAGTCACTTAGTAGACCAGACTCTCTCATTTCTTCAGCCACTTCAATAGCCTCGTCGAGCATGCCCATGCCCTTGTACAAGTACATCATTGTTGCAAACGAAATAACATCACATGTGCCTTTTTCTCTGAGAGCATTGAAAATGGATTCTGCTTCAGAAACTATGCCAAGATCTGCACACAGACTTAGCATGCTGTTTGATGCAGCAACATCTGGGCCACCTTCTGAATCCTTCATTTTGTCATACACTCTCCTAGCTTCTTCAAGACACCCCACTTTGCTATAAGCCTTGATAAGGGAAGTCAGAACGATATGATTGGACTGAACGCCATGTTCTTCCATCATTCTAAAGTATTGAATCGCTTCTTCGACCATTCCACTCTCAGCAAACCCATTAATTAAGGAACCATAAACAACTTCATTCGGTTTCACCCCTGTTTTTTCCATTGCCTCGTACAGGTCAACTGCATCAGACAACAGGCCAAGCCGCACATAGCTAGCTATCATAGCAGCATAGGTCTTGCATCCAGGTTTACAGCCCGAATCCAGCATTTCAGCCAAGATCCGCTGGGCTTCGTCCACTAAATCAACCCCAGCAAGCATCTGGAATAGGGAATTGTAAGTGCACTCATCAGGCCAAGTCCCTTGGTTCTTCATCCCTTTGAAGAGAGAAAGTGCTTTCTCATGAAGTTTGGCCTTACCATAAGCCTTGATCATGACATTGTACTCCAAAACATCATTCCTCTGGCCTGACATGTTTCTTTTCCCATAGAACACAGTCTCCGCTTCAACCCACAGTCCCTTTTCAGCATAGACATCAATAACTGCTGCAAGTGTCGTTGACGAAAGCACACAATCCAACTGGAACCTCTCAAACAGAGCTTTTGCCTGTACGACTAAACCTTCATTGACATACATCTGCATAATAACAGGAACAGAGTGCTCATCAATGCGAATGCTATTTCTGTCCATCTCAGCTATCACAGCTTCAACTTCTGCAACCATTTTCCGCTGACACAAGATATGAAGAACAGCTCGATGAGTTACAGTATCAGGAAAAAGTCCTACTTTCCTAATTTTCCTATAGTACTCAAGAGCTGCCTCAATGTCCCCAGCATCAGCATGAAGAGACAAAAGGATATTATATGTCTTAGTATCAGGGGATATCCCTTTCTCTTCCATCTTCTTCAACAAGGATTCAGCCTCTGACAAATGCCCATGAGTTCCACAAGTATGTATCATCGTGTTAAACGTTACAGTATCTATAGGTACTCCAGATTTCAACATCTCCGAGAAGAGATTAGCAGCATCGTTTAAACGACCTGCCTTTCCATACAAATCAATCAGAGTGTTGAAGGTGGAAGTTAACCTTGGCTTCCTCGGAGAAGAGTCTGAACCAGATGCAAAATGCAGACTTTTCTCAATAGGATTCCTTGCACCAACCTTAAAAAGCTCCATCGACAAGAACTGCTTCAAGTTCACAGGAGATTGAGCTGAACCATTCTTAGGAAAATCATCAATAGAATCCAAATCAAGATCAACTTTTCCAGCGCACCAACCTTTAAAGAACCTATCAGCACGATCAAACTCACCGGAGTTCTTGAAAACTCTAACAACAGTAGCCATAGTGACTTCATCAGGGAAATGCATTCTCTGTCCCATATGCTTAATCCAAAGAAGAGCTTCCTTAACAAGACCAGCTTTACCATAAACATCAACAAGCATACCATAAGTATTGTTAGTAGGCAAAACACCATTATGAGCCATCTCAATCCAACAAAGCCTCAATTCATCCCATTTCCCCGCTCTCCCTAAAGCTCTTAACACAATGTTGTAATGAATCACATTAGGAACATAACTTTGGTGAGACTGGAAAAATCGAAACACACGAAGAACTCTTTCCCAACGAGTCTGCTCTTTAAGAAGAACAGTTTGTTCTTTAGGGCTTAAATTGAGACAAAGAGAAGCTAGAGTTGTTTCAATATCAGTGGAAGAGTCAAGAGAACGCAAAATGGAAGGGATTACGCCGCCATATTTGCGTTTTCGAGAGCTTGGGTTAGGTTTAGAGCATCGAGGTGGAGAAACTGAAGAAGAGGAAGAAGCGGCGCAGTGAAGTTGAAGCTTAAAAGAAACCCTAGAGGAGAAGTTACAGGGAAGTGAAAGTGGAAAAACCCTAGCTTTAGAACTCAGAGCTAGATGATGATGATGATGATGATG
GGJX01000079	ACTCGCTCGATCGATGACATGATAAAGATTTGTAATGACAAGCTGCTTGCAATTAGAGTGAGAAGATGCATACGCACAGCCATAAAACTTCGTAAGAAATACTTGTACAAGAATCAGGTAATCAAGATTGAGAGCCACATTCAGTCTCAGAATCATAAACACCATGAGATACAGAATCAAACCGCGATGGAGAACCAAATCCCAGAAGAGATTACAAGTCATGATGAGAACTGTAGCCAAAGACCAAGTTTATGCAATGGTCCTGTCATGCCCCTTAGAGAATGATGACTGATGAGTACGATAGATTCCACCTATAATTTATAATATTATTTCTAGATTTCCATAGTCTGCTAAGATATACAAA
GGJX01000080	AAAGTGTTCATATGAGAATTGTTTTTCTCATTTGACCCAAAATAAAGTCATCACTGCGGCTATGAAACGCCAAGCAAAACCACCGGAGAAGAAGACGAAGAGGACGACAAATGCTTCGTCACCAACTCCGTCGTCTTCATCTCCTTCGTTGTCTTCTCTCCCAGACGAAATCGTCGAGAACTGCTTAGCTCGGATCTCGAGGTCGTACTATCCAACACTCTCAATCGTTTCGAAAAGCTTCCGTTCAATTATCTCATCCACCGAGCTCTATGTAGCCAGATCTCACCTCCGAAACACCGAAGAGTGTGTCTATGTCTGTCTATCTGATAAAAGTTTTGAATTTCCCAAATGGTTTACACTCTGGGTTAACCCTAATCAAGCCAACTCCATGGTTGAGAAGAAGAGGAAGAAGAAGAAGACAATTGGAAAGTTGTTGGTTCCAATTCCCTCTTCTAATCTTTCTCCTGTATCAAAATCCGCCATAGCTGTTGGTTCTGAAATATATGTGATCGGCGGAAAAGTCGATGGTGCACTGTCTTCGGCCGTGCGAATCCTCGATTGTCGCAGTAACACTTGGCGCGATGCTCCTAGCATGACCGTAGCCCGAAAGAGGCCTTTCATATGTCTCTACGATGGGAAAATTTACGTAATTGGAGGGTACAACAAATTATCAGAAAGCGAACCATGGGCTGAGGTATTCGATATAAAGACTCAGACTTGGGAATGCCTTTCTGATCCGGGTACTGAGATACGTAACTGTACCATTTACAGAATAGCAGAGATCGAAGGAAAGATTCACTTTGGGTATACACAAAAAACGTATGCTTATGACCCAAAGCAAGGTGAATGGGAATGCTGTGAAGGCGAGGTTGCATTTCCGAGGTCCCAATGTGTGATGGAGAGTGTATTGTACACCTTTGCTAATAACTACACTTGGGAGGACGACTACGGGTGCAAGTGGTGGTCAACGGATGGATATGGGGAAAAGGTAAAAGGGTTGGAGTCACTATTAGAGATACACAAGAGGAATGGTGGCTCAAGTGATAATACGACTAAACTAGTTGCCTGTGGTGGGAAACTCTTACTTTTATGGGAAGGGTACATGAAGCATAATCCCAATAATAGGAAGAAGATTTGGTGCGCGGTTATCGCGTTAGAAAAGCGTGATGGAGGTAAGGTTTGGGGAATTGTTGAGTGGGTTGATGTTGTGCATATCGTCCCCACATCATGCAAGCTCTTGCATTGTCTCGTTGTCTCGGTTTGATTAACTTGTATGATACAAGTTGTATCCAGGTATGTCAGTCCTTAACTCCATCTTTGGATCCCA
GGJX01000081	AAAGTGTTCATATGAGAATTGTTTTTCTCATTTGACCCAAAATAAAGTCATCACTGCGGCTATGAAACGCCAAGCAAAACCACCGGAGAAGAAGACGAAGAGGACGACAAATGCTTCGTCACCAACTCCGTCGTCTTCATCTCCTTCGTTGTCTTCTCTCCCAGACGAAATCGTCGAGAACTGCTTAGCTCGGATCTCGAGGTCGTACTATCCAACACTCTCAATCGTTTCGAAAAGCTTCCGTTCAATTATCTCATCCACCGAGCTCTATGTAGCCAGATCTCACCTCCGAAACACCGAAGAGTGTGTCTATGTCTGTCTATCTGATAAAAGTTTTGAATTTCCCAAATGGTTTACACTCTGGGTTAACCCTAATCAAGCCAACTCCATGGTTGAGAAGAAGAGGAAGAAGAAGAAGACAATTGGAAAGTTGTTGGTTCCAATTCCCTCTTCTAATCTTTCTCCTGTATCAAAATCCGCCATAGCTGTTGGTTCTGAAATATATGTGATCGGCGGAAAAGTCGATGGTGCACTGTCTTCGGCCGTGCGAATCCTCGATTGTCGCAGTAACACTTGGCGCGATGCTCCTAGCATGACCGTAGCCCGAAAGAGGCCTTTCATATGTCTCTACGATGGGAAAATTTACGTAATTGGAGGGTACAACAAATTATCAGAAAGCGAACCATGGGCTGAGGTATTCGATATAAAGACTCAGACTTGGGAATGCCTTTCTGATCCGGGTACTGAGATACGTAACTGTACCATTTACAGAATAGCAGAGATCGAAGGAAAGATTCACTTTGGGTATACACAAAAAACGTATGCTTATGACCCAAAGCAAGGTGAATGGGAATGCTGTGAAGGCGAGGTTGCATTTCCGAGGTCCCAATGTGTGATGGAGAGTGTATTGTACACCTTTGCTAATAACTACACTTGGGAGGACGACTACGGGTGCAAGTGGTGGTCAACGGATGGATATGGGGAAAAGGTAAAAGGGTTGGAGTCACTATTAGAGATACACAAGAGGAATGGTGGCTCAAGTGATAATACGACTAAACTAGTTGCCTGTGGTGGGAAACTCTTACTTTTATGGGAAGGGTACATGAAGCATAATCCCAATAATAGGAAGAAGATTTGGTGCGCGGTTATCGCGTTAGAAAAGCGTGATGGAGGTAAGGTTTGGGGAATTGTTGAGTGGGTTGATGTTGTGCATATCGTCCCCACATCATGCAAGCTCTTGCATTGTCTCGTTGTCTCGGTTTGATTAACTTGTATGATACAAGTTGTATCCAGTTGGAAAGAGGAGAAGGAAGCAAAGGCAAAAAGGAGTGCAACATGGATTACCTTTCGCCTCATGATCAACACAGTGTCTTCTCATGTAGATGATCTAACCATCTTTCAAACTTTGTGTAGAGTTTCGTGACTTCTGACTTCAGTTTGTTAGAAATATCCTCCTCATGAGTTGTGTCTTTAACATCTTTCAAACTTTGTTTTAACATTGTAACTTCATCATGAATTCTTTGTTTTGAGAAAAGAAACAAATTCTGTTTAATATGTTACAGTTTGCAATCTCCACGGTTAAAAACAATGTTGGTTAGAAGTATCTACATATTAAGGGACTTCTGTGATCGAAAACAAAAGTAGGCAACACATTGGTAAAACAAAAAACACTAGGGT
GGJX01000082	TTGTTGTTGTTGTTGTTGTTGCTACTGTCGAGGAACTCGATGATGTCGTTGAGAGATTGGAGCCTGTGGTTAAGTTCATCAAGCTGAGCTCTGAGAACAGAGTTCTCTGCTTCAACGGTTAGGTAGTGTTGCGTTGTGATGCTGACACTTGTCACGATCTCCGTGTTCTCTTTTTTCAGATGATTAACCTGAGCCGTTAGATCGTCTAGGAGCTTTTGTTTCTTCATTCTTGATCTCCTTGCAGATTCACGGTTTGAGAGCATCCGTTTACGTTTCCTCTGCTCCATGAGACTCTCCTCCGATCCTGACGACGTTTGAATCGTCGACGAAGTTGTTCCCGACGACGACGATTCCATTTAGTAACACACAAACAAAAACAGGGAAGAGTTTTTTTTAAGAGAAGAGAGATAAAATATTTTAAAATGGGTTTTTAGGGGAATTAAAAACAGAACAGAACAAGACACAACAGAACAGGACAGGACCCAGATGACGAAAAACGAAGAAGAGAAATTTGAAAAGAAACTAGGGTTTTGTTGTAATTATGCGTATAGATATAAAACTGGAGATAAGTTCAGAGATCATGAGACATAGTAAAGCCAGTAAAGGAAGACAACAGAGAAAGATTGAACAAGATGGGTCCTGCGCCTGATTGTGGAATTTAACATAAACCCAGAGAGAAAGATCTCACTGAGTATTATTGGAGACATGTGTCTCAAACACCAAGAACTGCTGATTAAGCATCAATGTTTTTTTCTATTTCTTTTTTTTTGGTAGCTAGCCTACTCTTACAGAAGCTGAGATCTCTAAGAAATGAATCTTTGAAGAAATCAGAAGAAGAAGAAGGAATTAAAGGCGATATCTTCGAGAGAGAGAGAAAAGGGAGAGAAGGAGAGAAGAGG
GGJX01000083	GCGTGAAACATGATTCTGTAGAGCGTACGTTACATGCGAAACTCTTACTACGATACATTTTATTACTTTACTATTAATGCTCAAGAAATTATATAAAAATGGGATTAGTACTTAAGAATAAAAAGAAAGTAATAAGCATATTACAATATTAAGAAAACACTTTGTACTCATGCGGCAACAGAGCCTTTATTACAGACACACTCATAACGATGATGCTTAGAGATACCTAACGCCTAAAACGGACCCAAACAAACAAAAATTTGAAATGGAAACAAATCAAACAACAGACCCATTTTTATATATAAATCTCTCTCTTTGGACATGTCTCTAAATCGGACAAATAAAAACGGCCCCATTTCTTTGTGATTTCGAGGGGGTTTTTAGGTCCACATTTAATACATTAAAGCATCAGAAGACGCCATGAGAGGCTGGTTCATAATATAAGACATGTTCATCTGATTCACGAAGAAATCATCACACTCCAAACCAACCAGAGGGTTCGAACACATGCCCATGTTGTTGTTGTTGTTGTTGTT
GGJX01000084	TTGAGACATCATCACTAAAAAATTCACACTTAGGAGAGTAAAGTTACCCTCTCTGGCTGGCCAAAAAAATGTCTTTATTCGATAATGGAATTAATAAAAAATAAGCTCAATATATGACATTTGAGTTCTTGATAGTACAAGATAAAGACTAACACAAGAACTCAAACACATTGAGACATCACTAAAACTTCTCAGAAGTTATCATTCTTTCAAGAGGTATGAAGAAACTAACAAGACAAGGAAGACTAATCAAGAGAGTTTCTCAATCAATTTGAGCTCTTTAGCAACTTCAAGCATACCACTCACTGGATCTTCCTTCTTATATCTTACACATCTCAACGCTAATCTAAGAAACGCTTTAACCTGAGACCGTCTCAAAACCAAATCATCATCCCCACCCAAATCATTCCATATCTCTTTATCAACAATCTCATCAAACTCACCTTTCTCCATTACCTCAGACACATGATCATTAAGCGACATAGGAGCCTCATCTGGTCCATTAAACACAGCAGCTCTTCCAGACAACAAAACCAACATCACAACACCAAAGCTATAAATATCCACTTTCTCAGTAACTTTCATTGTCCAGTAATAGTCCGGATCAACAAAACCAATCACACCTTTCACATCATCTTCTACATACAATTCCCCCTCTGGTATTGCAACACAGAACCAGAAATCAGAAAGCTTCGCCGTCCAATTCTCATCAATGAAAATGTTCGTCGGATTTATATTCCGATGGACTATAGTCTCTGGAAACGCCGTGTGAAGATAAGTCACAGAACTAGCTATCTCTTTAGCAATCTTCAATCTCACTTTCCATGGTAAAACCACTCCACTTGAGAGTCCTCCGTCTCTATTAAGCGGTCCGTGTTCTGTGTATTCACAGACTAAAGCTGGAAGATCAAACTCCAAACAACAACCTATAAGCTTTAAAGCGTTCTTGTGTCCACTCATCTGAGAGGATACAGAGATATCTCTATACGCTTCTGTGAAGCTTGAGAGATTTTGACTCGACCATTTCTTGATTGAAACTTGTCTTTCTTCGATTACGCCTTTGTACCATATGAAGTATCCCCAGCTGGAGATAATTCGGCTTTCGGAGAAATTGTCGGTAGCTTTAAGGATCTGATCGGAGGAGAAGCAACGAATCGGATTGGTTTTGCCGTCGAAGGAAGCGATTAGCTCCTCTAATAGAATCCCTCCGTTCTTCAAATCCCATCTTCTCTTCTTCTTATTGTTCTTGCTCATCTCTATTGGAGAAAGTTCGAAACTTTGGCTTTTGCAAAGAAGCAAACTTGATTTGTGATAG
GGJX01000085	ATTTTTTTTCTTTTAATTAATTTTGGCCAAAAAGAAAAAAAAATCGAAACTTTTTTTGTGTAAATGGAAGGAGAAACTCATCAATCGGAGCCGTTACCTTTAGCATCTGGAGATTCCGATGAAGGGATCAGTGCTGCGATTGAGGCGGAGCTTGCTGAGTTAGCTGCTGGAGATTCAAGCGGCGGTGGTGGTTGCGGCGGCGGAGGAGGGGGGATTAGGGGTAAAGTCAAAGGACCTTGGGCTA
GGJX01000086	GCGGCGGCGGAGGAGGAGGGATTAGGAGTAAAGTCAAAGGACCTTGGTCTACGGAGGAAGACGCGGTTCTTACGAAGCTTGTGAGGAAACTAGGACCGAGGAATTGGAGTTTGATCGCTCGTGGAATCCCTGGTCGTTCTGGTAAATCTTGTCGATTGCGTTGGTGTAATCAGCTTGACCCTTGTCTCAAGCGTAAACCTTTCTCTGATGAGGAAGATCGTATGATAATTTCTGCTCACGCGGTTCACGGAAACAAATGGGCAGTGATTGCGAAACTGTTAACTGGAAGAACAGATAACGCTATCAAGAACCATTGGAACTCAACTCTTAGACGTAAATACGCAGATCTATGGAATAATGGTCAATGGATGGCTAATTCAGTTACTACCGCTTCCGTCAAAAACGAAAATGTCGATGAAACAACTAATCCTCCATCCTCAAAACAACAGTTGCCTCAAGGAGATATCAATTCCTCCCCGCCAAAGCCTCCACAAGTGAGTGATGTTGTAATGGAAGAGGCAGCTAATGAACCTCAAGAACCTCAAGAACAACAAGAACAAGCTCCACCGGTAGTGAGTAACGTTCCAACAGAAAATAACGTGTTTCGCCCCGTGGCTCGCGTTGGTGCATTCAGTATCTATAACCCAACCAGCCAGAAAAATGGTTACAGAGACTACAATATAGTTCCATGTGAGGGACCGTTGATTCAAGCAGCTAAACCCGATTCATTGGCTGGTAAATTTCTACAATCTCTTTGTGATGAACCTCAAATCCCGTCAAAATGTGGTCACGGCTGCTCTACTCTTCCAGCTGAAACTAAGTTCTCACGTAACTCGGTGTTGGGACCTGAGTTTGTGGATTATGAAGAGCCTTCTGCGGTTTTCAACCAAGAACTAATATCTATAGCAACCGATTTGAACAACATTGCATGGATAAAGAGTGGCCTTGACAATGCTGTTGTCAGAGAAGCAGAACAGAGTTTGAAGATGGATAATTACAATTATAATGATCCTCGAATCAAGTTTACTGGAATGATGCCTAGACAAGATTTCTTCTGTGCAAGAAGCTGAAACTCAAAAGTAGGGCTTGAGATTCATCAACCCCTTTTTTTTCTTTTGATTCTTTGCGCTTTGACGCATATAGATGATGAATAAGTACCAGACTGGTACTTATGGATGTTGTTGTTTCTGACATTTTGATTCGGATTTGGTGGAAGAAAGATAGAAAACAGAGTATGTATCGTGTCTCTTATTATATAAAATCCTAGATCATAAATATCGTCATTGGTTGTTGTTTCAAACTTCAAATGAAATTAGCGGCTTCTTTTTTTTTTCCTTCAAACACCATTTATATTAAGTTATCGGAAAGAGACTCTCCGCTAGAAAGAATCATTCAGGAACCGATGTGCTT
GGJX01000087	TCCCTTGCTGTTTTTTTTATAGGTAAATTTCACTTTCTAACCAAAAACACAAATATTTTTTAGTTACATATGCAAGAAAAGACTCCCGAAGACTAGAACATTGTGATATAACAAATAAGAGACTGAACATTGGCCACATCATACATATAACGCAGATGATGAATTGTTGGTATTTGGGGGAAAGAAAACCATCATATATAGAAGAAGACATTTTACATTCTGAGGAATGCTTTCTCGAATTGTGTCCACTTCTGCTCCAATGTACCCACATACCCCACCGACATTCGTACAAGACCAGGAGAGATGCCTGCAGCTTCCTTCTGTGAGGGGTCAAGCTCGCTGCTAGTGCTGCTCCCGGAGCAAGACATGAGTGTCTCGTAGTAACCCAAACTGACGGCCATGAAGCCAAACTGAGTGGCGTTCTGGAGATATGCCATGAGCTTGTTGGCTTTCTCCTCTGTCTCCATGTCTATCGACAGCAATCCTCCGTATCCATAGTCTCTATTCACCATCCCTTTGAATAGCTTGTGCTGCGGGTGGGTCTCGAGCCCTGGATATATGACTTTCATGCCCAAATCCCTCATTCTCTCCGCATACACTTGGGCTCTGTGGCTGTGCTCTCTCATGCGTAGGCCCAAGTGAGGGATTCGCTCGGAGAGCTCGAAAGCCACCTTGGCGTTCATGGTGGGACCTAGAAGCATCAGAGATCCGCCACGAAGATCCATCATCTCTTTCACCAAATTCTCACTCCCACACACGGCCCCTGCGATGATGTCAGCCCCACCACTGATGAACTTGGAGATACTGTGAACCACCACATCTGCTCCAAGCTTGGCCGGAGACAGCACCATGGGGGCGAATGTGTTGTCCACCACCACCGTCACGCCCTTCTCGTGTGCCATACGGCTCAGCTCAGGTATGTCAGCCACAGTCAGCGTCGGGTTTGCCACCGACTCAAAGTAGAGAACCTGTGTCCTACCCTCAACGATCGCGTTTGCCACGGCGCCATGGTCCGTTATGTCAACGAAGGAGGTGGTTATGTTACATGTCCGTGGCAAGAAATGAGAGAGCAAAGCGTGTGTTCCTCCGTATAGCGTGCTTGCCGCAACCACGTGTCCTCCGCTGCTGCACAGTTGCAGCATCACTGACGATATCGCCGACATACCGCTAGAGGTACAGTAGGCAGCTTGGGTGCCTTCGAGAGCAGCCATCTGGCGGCTGAGGTTGAGCACGGTGGGGTTGAAGTGTCGGCTGTATACGTAGAAGTCGTTGTCCGGTCCCAGTTCTCCGGTGAACATCCGCCTCATGGTATCCGGTTCCATGACGGTGAAGGTGGCGGAGGCTTCGATGGACATGTTTACTCCCCCGTGCTCCCCAAACTCATGTCGGATATTCGCTATGGCCGCTGCAGGGTCGGCATCACACACCGCCAGTGCTGATTTCTTCGCAACCAAGGCGTCACCGTCTTCGTCATCGCGATCGTTTCGTTTCTTCCCGGAGAATACGAGGGGCTCCTGTGTCTCGAGGAAATGAGCCATAGTAGTTAACTAAAGAAAAAGTAGAGCCTTTGTTAGGAAACAAGAACCTAGGTGTTAACGAAATGTAAAGAGGAAAGGCTTCAATTTATAGAAAAATTAATCAAGATTTTTTTATCCTATCAAATCAATTACAGACG
GGJX01000088	GATATGATGATATATTTTATGAGAGGTGGTGAAGATTATTTTAGGAGAGGGAGAGAGAAATAGAAAAAGAAAATGACATGGTGAATCTGAAGAAGATGAATTGTGTTAAAGATGAAGAGAGAAAGAGAACTCCATAGCTAAAGTCTCGTAAAGAACATGAAAAAGAAATAAAAGAAGGAAGAAGAAAGAGAAAGGCTAAAATAGACTAAATATTGCCAAAATTTCTGTAACCGACAAGTACTATTTGG
GGJX01000089	CGGATTTTTTCTCTCTGAATAAATTTTCCGCACTGGTGTTTCTTTCTGAATGCATCTTTCTTGTCTTTGGAGTCTTGAGACTGTGTCATTTAATTTCAAAATCTTGAGAATGTTAGATGGCAATGATGTTTACCTTCCTTTTTTTCCTTTTTTTAGGTACCTGACACTAGATGAGGCAGATAGGTTGGTTGATTTGGGTTTCGAAGATGACATAAGGGAAGTCTTTGACCACTTTAAGTCTCAACGTCAAACACTATTGTTCTCTGCCACAATGCCCACAAAGATTCAAATCTTTGCCAGAAGTGCTCTGGTGAAACCTGTGACAGTTAATGTAGGAAGAGCTGGAGCTGCGAATCTGGATGTGATCCAGGAGGTAGAATACGTCAAACAAGAAGCAAAGATTGTTTACCTCCTCGAGTGTCTACAGAAAACCTCTCCGCCGGTTTTGATATTCTGTGAGAACAAAGCTGATGTTGATGATATTCACGAGTACTTGTTACTGAAAGGAGTGGAAGCAGTGGCCATCCATGGAGGAAAAGATCAAGAAGACAGAGAGTACGCAATCTCTTCGTTTAAAGCTGGGAAAAAAGATGTGTTGGTTGCGACTGATGTTGCTTCAAAGGGTCTAGATTTCCCTGATATACAACACGTAATCAACTACGACATGCCAGCAGAGATTGAGAACTATGTGCATAGGATAGGACGAACAGGTCGGTGTGGTAAAACTGGGATAGCAACGACGTTTATAAACAAGAATCAAAGCGAAACCACTCTGCTGGATTTGAAACACTTGTTGCAAGAAGCTAAACAGAGGATTCCACCTGTCCTTGCTGAGCTGAATGATCCAATGGAAGAAGCAGAGACCATTGCTAATGCAAGTGGTGTCAAGGGTTGTGCCTATTGTGGTGGTCTTGGACATCGTATCCGAGACTGTCCAAAACTTGAGCACCAGAAGAGTGTCGCCATTTCTAACTCAAGAAAAGATTATTTTGGCTCGGGTGGCTACAGAGGAGAAATATAATCTTGTTTTGTTCCCTTTGCTAGTTATCTCATCTTAGCTGTTACCGAACTGTGATGTTTGTGATGTTTATCTTCCATATGTCACGCTTTTTACACTGAGTCGAGTTCTATCATGTCAAAATATTTCTTAGTTAATATATATGGTCGGATTCTTGAACTAAATTTTGTACACAATGTGCATGCGGTAAGGTGCAAGGTCTTTCGAATTGTATCCCTAAGGTTGCTTTTGAGTTTAGTTGTTCATTTTGGTGTCTCTTCTTTCTGTTGTTATTGTTACAAGTGCCCCTTTACACCGTTGGGTTG
GGJX01000090	ACCCGATTTCCGACGACCTACAGAAAAACTTCGGTCGGTCAGTGACCCTTTAAAGGAAAGCTATTAGCGATTGATTCGAGAGATGTGCAAAGCTTGTTGATTTGAGGCTCTCTCTCTACTAGGGTTTGTTGATTTGAGTTTTCTATTCCTCCTATACGTGTTCTTCGATTCTCCTGGGATTTTTTTTTGAAAAAGGGAATAGAAGAAGAAGTTGCTGAATTCTCGATATGGAATCCATCATGGAAGAAGCTGATAGTTACATTGAGTATGTATCAGTGGCGGAGCGGAGAGCGATTGCAGCGCAGAAGATACTTCAGCGGAAGGGAAAAGCTTCGGAATTGGAAGAAGAAGCTGACAAGGAAAAGCTCGCTGAAGCTAAACCTAGTTTACTTGTTCAAGCAACTCAGCTCAAGCGAGATGTACCCGAAGTTAGTGCTACTGAGCAAATCATCTTACAAGAGAAAGAGATGATGGAGCATTTATCTGATAAGAAGACGCTTATGTCTGTTCGTGAACTTGCCAAAGGTATCACTTATACAGAGCCTCTCTTAACTGGGTGGAAACCTCCTTTGCATATTAGGAAGATGTCTAGTAAGCAGAGAGATTTGATTAGGAAGCAATGGCATATTATTGTTAATGGTGATGATATTCCTCCTCCTATTAAGAACTTTAAGGATATGAAGTTTCCTAGACCTGTTCTCGATACTCTCAAGGAGAAAGGTATTGTGCAGCCTACTCCTATTCAAGTTCAGGGTCTTCCTGTGATTTTGGCTGGGAGAGATATGATTGGGATTGCTTTCACTGGTTCCGGAAAGACTTTGGTTTTCGTGCTTCCCATGATCATGATTGCTCTCCAAGAAGAGATGATGATGCCTATTGCTGCTGGTGAAGGTCCCATTGGGCTTATTGTTTGCCCTTCTAGAGAGCTTGCTAGGCAGACTTATGAAGTGGTTGAGCAGTTTGTGGCTCCTTTGGTTGAGGCTGGGTACCCGCCATTGAGGTCGTTGCTATGTATTGGAGGTATTGATATGAGATCCCAGTTGGAGGTTGTCAAGAGAGGTGTCCATATTGTTGTTGCAACCCCTGGGAGGTTAAAGGATATGCTCGCCAAGAAAAAGATGAGCTTAGATGCTTGCAGGTACCTGACACTAGATGAGGCAGATAGGTTGGTTGATTTGGGTTTCGAAGATGACATAAGGGAAGTCTTTGACCACTTTAAGTCTCAACGTCAAACACTATTGTTCTCTGCCACAATGCCCACAAAGATTCAAATCTTTGCCAGAAGTGCTCTGGTGAAACCTGTGACAGTTAATGTAGGAAGAGCTGGAGCTGCGAATCTGGATGTGATCCAGGAGGTAGAATACGTCAAACAAGAAGCAAAGATTGTTTACCTCCTCGAGTGTCTACAGAAAACCTCTCCGCCGGTTTTGATATTCTGTGAGAACAAAGCTGATGTTGATGATATTCACGAGTACTTGTTACTGAAAGGAGTGGAAGCAGTGGCCATCCATGGAGGAAAAGATCAAGAAGACAGAGAGTACGCAATCTCTTCGTTTAAAGCTGGGAAAAAAGATGTGTTGGTTGCGACTGATGTTGCTTCAAAGGGTCTAGATTTCCCTGATATACAACACGTAATCAACTACGACATGCCAGCAGAGATTGAGAACTATGTGCATAGGATAGGACGAACAGGTCGGTGTGGTAAAACTGGGATAGCAACGACGTTTATAAACAAGAATCAAAGCGAAACCACTCTGCTGGATTTGAAACACTTGTTGCAAGAAGCTAAACAGAGGATTCCACCTGTCCTTGCTGAGCTGAATGATCCAATGGAAGAAGCAGAGACCATTGCTAATGCAAGTGGTGTCAAGGGTTGTGCCTATTGTGGTGGTCTTGGACATCGTATCCGAGACTGTCCAAAACTTGAGCACCAGAAGAGTGTCGCCATTTCTAACTCAAGAAAAGATTATTTTGGCTCGGGTGGCTACAGAGGAGAAATATAATCTTGTTTTGTTCCCTTTGCTAGTTATCTCATCTTAGCTGTTACCGAACTGTGATGTTTGTGATGTTTATCTTCCATATGTCACGCTTTTTACACTGAGTCGAGTTCTATCATGTCAAAATATTTCTTAGTTAATATATATGGTCGGATTCTTGAACTAAATTTTGTACACAATGTGCATGCGGTAAGGTGCAAGGTCTTTCGAATTGTATCCCTAAGGTTGCTTTTGAGTTTAGTTGTTCATTTTGGTGTCTCTTCTTTCTGTTGTTATTGTTACAAGTGCCCCTTTACACCGTTGGGTTG
GGJX01000091	GCCGGTTTGGTTTACTTCGGTTTGGGTGGTTTTGATGGTAAGCCTCTCTAATATCACGCTATCAATTACCAATTCCAGTCTAAAGGTTAAGTCAGAAACAAGAGGTAGTAAAACAACTGAATAAACTAGTTTGACTGTAACATTAAGCTCATTTCCCAAATTAAACTCCGAAACTTATCTATAATCCTCACAACATGAATACACCAACATTCAGAGGCGACGAATGTACCTATGTGCTTGCCAATACTTCCTTTATCAGTTTCTCAGTCAATTCTTTGGGCAGACCCATCACACTATCTGTTGTCCCAACCACTTCCTTAACGCATGGCAAGATTAGCGGATGCTCGATTAGGAGTGCACCAGCCACCTTAAGCACCATGCCTTCCTCAATCAGTTTCTCGATAGTCTCTTCCGGTATTTCATTGAAATAGATCTCCACTCTATCGACGCCTCCTTTTCTGACTCCTGTTTTGAGATTTGTCACAGCCACAGAACTCACTGTTGCTGTATGCCCCTTGGAATAGCCTCTTATGTACTCCCTTGCTTCTTCGACACTCGAGGGTTTCTCTCTAACAGCATCTTCATAGACAACCACTTGGTCACAAGTAATAAGTAAGGTCGACTTATCCTCCTCTATGTTTTCACCATCA
GGJX01000092	TGCAACTGCAACAGTTGAGATTTTGAGCGTGTCAAGGATTCTGATTGATAACGATATTCAAGTTCAGCAATCTCATTGCAGTAGAAAATGGAATCGAATCATCCTCACTTCAAGCTAATTTTGGGATCTTCTTCGATTGCTCGACGTAAGATACTAACAGATATGGGATACCAATTCACTCTCATGAGTGCTGATATTGATGAGAAAAGCATCCGCAAGGAGAAACCTGAAGAGTTGGTTTTGGCTTTAGCTGAGGCAAAGGCTGAAGCAATCATGCAGCGGATCCCTGATGGTGAAAACATAG
GGJX01000093	GGAGGCGCATCATCACCAAGGTTTTTGTTTCATTTTTCTCTTTTCCCCTTTATCCAATTTTTAATACGAAAAAGGTTTCGACTTTGGTTTGATACTGTAGTGGATTTGATCTAATTAGATAATAATTTCTGATGGGTTTTATCAAGATCTTTGTGATTCATAAGCTAAAGATGATATTTTTCAAACCCTAGAAGCTCAAATTCTTCTCTGCCCTCAAAATGTTGTCTTTTAGGATTCTAGATTGTCTCTGTGATATTGTCATTTGATTTATTTGACTACCCAAGTCACCTAATTTTG
GGJX01000094	ATCTACTTGATAGGATAGGCACTGTTTGGAAAAATAGTGGTCGGTCCATCTAGCATGGACCATGGTGCAAGCAGCACACGACAATAATTCAACCGTTGATTTCATTTCCAACATCAATATTGACCCAAATTATTTTTAAAAAATATTGAAAATGTGAAACCTCAAGCTATATAATTTCTTAGGCTAACCAAATACTTAACAAGATATGAACTAGCGGAGTTTTTTATTAGAAGAATAAGTTACATAACAAATCATTGTGAAGGAACAACACACATTGATGACATTGTTGCGGGCTTATTCATTTTCATTTTCACGGTAGTATTTTGCGTCTTGAAATCTTGGATAGAGCAACTAGGGCCAAACCTCTTAGGCCAAGCCACATCACCAGTAGCTTTGATCTTAGGGAACCACATGGGTGGTCCATCTTCCACCGAGTTATGCGTTAGCCTCGTCAAACCAGAGCCGTCCAAGTTCACGGTAAAAATCTCACTACTCGGGACGTTAAAATGCGGATTACCGATCTGCTCCGCCGAGATTCCAGCATAAATGGTAGTAAACACGATTCTCTTACTGTCGGGACTAAACATCGGATGCATCGATACCAAACCGGTCAAGTTTTGCGCCAGCTTCCTTAAACCGGTCCCATCCGGATGAACCACATATATATTCATCAACAACGTACCGGGAAATTCCCGGTTGGATGCAAACACAATCCAATTACCATCAGGTGACCAAGTAGCTATCGTATCGTTCCAGTTTCCGTTCGTTAACCGGAACAAACCACCGGATTCACCTTTCTCTGCGTCCATTATGTAAAGGTTTTTAGTACCGGACCGCGCAGAACGGAACACGATCCGTTTACCGTCAGGTGATGGCCACGGAAAAGCGTTGTTTTCACCGGTAGTCGTTAGTTTTTTAACGGCGGTTGCTGGACTAGGTGCATCGACGTTTATGGCGAGAATATCGATTTGAGACTTTCCTGGAGCTAAAGCTGGACCTGAGCTTGTGTAGACGATTCCATGTCGAATAGGATCCCAAACTGTTCCAAATCCCATTTGTGGAAGCAATTGACGTAGACCTGAACCATCTGGGTTCACCACGAAAACGCCTGTGAAAGAGACGAACGCGAATCTGTCACCTTCCGGCGAGATAGACGGGAACGCACCGTCGAATCTGAAGAGAGAGAGGTCGTTTGAAGTTGTTTTGAGGCTTTGGAGGAGATTCCGAGGAGTTTTACGTCCAGTTGCGTCACCTCTGCAGCTATGGTATCCGACTCGGGACGAGTCAGGGGAAAGAAACGGGTTAAAGTGATGACTCTTCGGCGAGACTAAACGAGTCAACTCGACGAACTCGTTCTTCTTTAAATCGAAAAGCTCCACGTGGCGGATTTCTGATCCAGGCCTCCTTGTAGCCACCGCGATGAAGTTGTTATTGTTTGGTGACGTGGCGGGTGTGAAAGCGTGAAGACCCGGTGGTGTGACTCTTTGAATCGTAACCGATTTGGTGGTAACCGGTCCGGTTTTGGGTAAAATCGCTCGGTACACGCTGATCCAACCGTCGTCGCTTTTCCGGTGGAAATACAGAGTCGAGTCATCGACCCATCTCGGCCACCCGCCTTGCTCGACCACCTTGACTCGCTGAGTTCCATCCTGAGTCAGGAAAACGTAGACGTCTGAACTAATCTCTTTCTCTACCATGCTCCAAGTCCAGCCTTTCTCTCCAAACGAAGCCACGGCAGTCCACTTCCCAGACGGAGACACAGCCGGAGAAAAGTCAGCGATACCCAGTGGTGTAAGCCGCCGAGTCGACTTAGTTCGTAACTCAGTCGAGTAAACAGCGGCCCAACTCGCCATGGGCTTACCCGGATTCTCATGTGTCGACACGTGGACAAGATAGCCGTTTGTTAAAACAGGCGTGTCTTTCATGGAATTTACATTCATACCACTCTGTTGTTCCTCGCCGGAAAATAACGGAACCTGAATTCTAGATCCAACGTTATCGCTGTGAACGACGTCGTAGTTTAAGCTAGGAGTTCCGGCTCTCTCAGTGACGTAGATGAGATGCACGTCTTGTGGTTGAATCTGAGTTCTTTTGGGTAGAAGTGAGATTAACGCCGTAGAAGGAGAAGCGAAATAGCCGTTGAAGTTAATAGATTTGCCATCGGTGAGACGGTGCTCATCGGCGGGTGACGGTGGACGGTGGCTCGTGGGGAGAGTAAAGATGTCGAATTCGAAAGTGGGTCTCCCTATCGTCGTGAATAAGATGGTCGAGCCATTTGAAAGCTGAGGCTTGTTCGATGAAGCTGACGATAAAGAGAGGAGACAGATAAGGAAGAAGAAGAAGAGAGCGTTTGTGAGTTTCATGGTGGACTCTTGTTTTGGGACTTGACGAATGGCGTGAGCGTTTTATAGATGGAACTGATGACGTGG
GGJX01000095	CGTTGTCTTCTCTTCCGACCTACAGCCACCGCTTCATCCTCCGTCCGCCGCCGAGATCTACGACTCTGAGCTCAAGTCAATAGCCGCTAGCTTCCTAGGAAACTACTCCGGTGGACACTCGTCGGAGGTCTCTAGCGTACATAAACAACAACCGAATCCTCTAGCTGTCTCAGAGGCTTCGCCTACTCCGAAGAAGAACGTAGAGAGTTTTGGACAACGTACCTCGATTTATAGAGGAGTCACAAGACATAGATGGACTGGAAGATACGAAGCTCATCTATGGGATAATAGTTGCCGAAGAGAAGGCCAAAGCAGAAAAGGAAGACAAGTTTATTTAGGTGGTTATGATAAGGAAGATAAAGCAGCTAGAGCTTACGACCTTGCAGCTCTTAAGTATTGGGGTCCTACAACTACGACTAATTTCCCGATATCAAATTACGAATCTGAACTTGAAGAAATGAAACACATGACTCGACAAGAGTTCGTTGCTTCTTTAAGACGGAAAAGCAGTGGATTCTCTAGGGGTGCCTCCATGTACAGAGGCGTCACTAGACATCATCAGCATGGTCGATGGCAGGCACGAATTGGAAGAGTTGCAGGCAACAAAGACCTTTATCTTGGCACATTTAGTGAG
GGJX01000096	TTTGAGCCAAGAAACTGCTGATTTTTTCATATCTGAATTAAAATATTTTACTAGTCTTGTAACTGCAAATCAATGGCAGAGACACCAGCTGATTTGAGTAAAAAGTTTACAGATGAATCAATCAAAAAGGCTTCATCTCAGTTGCAATTAACTCTATGAGAGAACCAAGGCAGAAACTATCATATTTACAATGCAAAGAGCGGTCATCTTCAGTACTCACCGGAACCAATATTCCATCTTTGAAAACGAATACTGGTTCAAGCCAAGTCTTAGGTCTTCGATATGTATTTCCCTCATCTAAGCTCCCTTGCATTTCAGCAGAATGACTGCAACATTCGACAGAGGCAAGAAAATTACCGGATAAGCGTTTGCAAAAACATGCTTCGTTTTCTGGACATTCCTCATGATCTTTGACCTTCGCTTCCTGCATGGTACCATTGTTTTTCACAGAGATGAACTTTCTAACAGCAGAAATAAGCTCCACTGATAATGAAGAAACCGCATCATGTATACCCTCTGTTGTGATGGAACTCCTACCAAGTCTCAATTCGCGAGTAACTAATTTATGCATTGAATCTTGGAGGATGGAGACGCACTGGGAGCAGCAACGGTACAAGCACACCAAGCTAGGGTCATCCTGAGGATTGGTTCTTCCAGTCGTTTCAACTTGTTCAACTGGTTCAGGCATGTTGTTTGCGGATTCTAATCCATGAACTCCATCCCAGGCTTTACCGTTATTTGAGTCAGCTGATTTGTGGGGATCTTCCAGGGATATAGAATTGGAATCCCCAGATCCATTAGGATTGTCTAGGGAATCAGCTTTTTCTTGCAAAGAAATTACTGTTCCTGTAGTTTCTACCTCGCATGATCCATGTGGAGTTTCATTCTGTTCATGGTCAGCTGCAGGAGAGTTAAGATCAAGGAGAACAGCCTGCCGAAAGGGATTCACTCCTGAATCCTCAATCATCATTTCAGTATCTGAAATAACATCAACATTCTCTTTGACCAAAGTTAAGCCATCCGTACTGTGGGTTGTAAGATGTCCAGTATCTTCAAGAAAAGATTCATGATTTGTTCCATTATGACCATTTGCAATCTCTACAACTGGCTGATGATTGTCGGTAAGATTACTAGATGCTATAGGGTCTGGACAATTCATGTTTTGGGTATCTTCTTTCAGGTCTTCTTCTGACCCTTTTAATTGATCAGATGTTCCTTGCTCAGTTGGCTCATTCCTCACTGATGGATTGACTACAGAACAAGGTAATGGATTCGTTGACTCTGTTTGAGTGGTTGATTCGAAACTTCGCATCGCGTATACCCAACTATTAACCAGATCTTCCAGATAAGCAACTTGAGACAAAATTCGAATATATCGACATCTGTCCTTTCCAGCATTAATTTTAACACTGATCCGTCCAACTAAGAGCTCCAGAACTTTCCGTACCTCAAATGAGACTTCCCTCAGCGATATATAGGTTCCTCTATACGCTGATAATCCAACAGCAGTAAGACCTCTGACAATTCCAGTGGAATCTTTTCCTTTAACATTGTTGGAATCGGAAGAAGTAATAGTCTGCTCCGAGGAATTACAAGGGCGAGTGATACACGAATTAAATGGCCATCCCCTCCAAGGACCAGAAACATCTGCACTTGGCCCTTCCTTAAGCTTTGATGTCACCCAGCAAAGTTCAGCAAATTGAGGATACTGTAGTATTTGATAACCAAATGTGGAGACAGCTAACTGCAGGCTTGATTTTGGTTTCACATTGATGTTGATAGGTAATGGTGGAACTTTTAAAGAACCATCATCAAGACGTTTTGATTTAACAACTGCTTCTTCCCCTGCTCTGTGATCAGTATTATTCTGAGGAGCTGCATCTCTGCAACCCTGGTCAAGATCCTCTCCTTTGTATTTCTTCTTTAAGCCACAGTGAGTATGGGATCCCTGATGCACCAAATGAAGAAATACTTGGATTGCCCGCCTTAACAACTCAGTAGCAGACAGGTCAATGGCTATATCCTGGTCAGAACTTTCAACAACTTGTACATTGAATTGTGGAACAGCCTCAGACATAGTTGGCTGACACTCCTTTGATAGGTCAGTCTTAAAGAACTGTTGTATCTTAGGAGGCAGGAGTTTGTAGGGCATGCCAGAAGTAGCCAGAATCATCATCTTTGTGGAAACTCGCAGCGTTTCTACTTGCTCAAAAAATGTGTTCCAAGCATGTGAAACTCGAACACCATTCTGCAATGCCTTTTCCTCTCCCATTTCTGAACAATTTTCCTGTACAGAATCATCATCACACTCGACCTCTTCATTCAGAGGAGTTTCTGTCTTTACAGCCCACAAGTCAACCCTTGGCATGAATACCACACATGATTTCTTGCTAGCACATTTAATTAATAAGTGAGTTACACCTAGCACCAGATCCCCATTTCCTTCTTGTGAAATTGTTGCTGTGTCTATCTTTAGCATCTCTGCATTACCAATAAAACAATGCAAGACACAAGAAGCAAGATGTCGTTGACCAGATTTAGGTCCTCCAGCAATAAGTAGTTGGAACCCTGACTTGCTCGTTGATTCTACAGAGGCATTCCCCAAAACCCCAGGATGTCTGCAGACTCTAGGTACCATGAATTTTGCAGAACCCAAACTACAGTCGCCAGTACCAGGAATGCTTGCAACAGATCCAACCAAGTCACATCCTCCATCCAGTATCCCAGTACAAGAAAGTCTTTGTACTATATCCTTTACAACATCTACTTCATGGAGAAGGGTATCAACATGAGACCACCAACAACCCTCAGTTATCTTCTTGTCGCTCAAAGCAGAACGGATCACATTTTGGACATCAACCGCAGCTTTGGAAAGAAGAGGTGGTAGGAAGATACGTTCATCAAGATGAAGAGCAACAAGTAAAGAACATAATGGCGGCAATAAAGAAGGTACCAAGTAAGTAGGAAGCGGAGAAGAAAATATATCACTAGCTGCTATTCCTGCTCCTCTACGTGAACATGGGGGTGGAGAGCGGGATAAAGCTTCCAACCAATCTCTTTCTTCAACTGAGAAGGATGGAAGAGCAGCACGATTACTGCTAGACACTCCCAACTCTGCAGCGGCCAAAGATTCTTGTAAAGGGAAACTCCTATTTAAGGCAATCATGGCAGCTTGTGTGCAGAGAGCTTGTATATCAGCACCAGCAAAACCGGCAGTTTCTTTAGCAATCCACTTGAGCAAGTATCCAGACACCGGCTTAGGCCATTTCCTAGTGTGGAGTGAGATGATTGCAGCCCTATCGTCGACTGATGGTAGTGGAAAATAGATCTCCCTATCAAACCTCCCAGGCCTCCTTAATGCTGGGTCAATAGCATCAGGGTAGTTGGTTGCACCTATGACCACCACTGAGCCACGTGACTTTAAGCCATCTAGTAAAGCCAGTAATGTGGATACAACGGAGCTATGAGTTTGATCTTGCTGCCTTGACCGCTTTGGAGCGAGACCATCTATTTCATCAAAAAATATGATGGATGGTTGGCATTTTTCAGCGACCTGAAACAAGAGCCTCAACTGGCGCTCAGCATCACCAACATATTTTCCCAAACAGTCTGCCCCTTTGCGAGCAAAGTAGGCAATCCGTCTATTCCCACGAGCAAGGGAACCGATCAGCGCTCGAACCACAAGAGTTTTCCCAGTTCCAGGATGTCCATGTAAGAGGATGCCTCTTGGAGGTGTAAGTCCAAGGTTATCAAAGAATTCTGGATATAGTAAGGGTATAAGAACAACCTCTTTCATACATTGAGTTACACCTTCAAGCCCAGCAACAGAGTCCCATCCCTCAAATGCCTTTCCACTCTCAGAATCAGAACCTCCAATATACTCAGGAGCAACTCTTAATAGATCTCGATGCAGTCTCTTGCTTTCACGTTTTAAAAATTCTTCATCTTCACCACATTTCTCAAACCACTTTTCTTCCGCTTCCACATCCTTGCGCCAGGCATCATTTGAGTGCTTCTTCATCTCCAATCGCATCCTCTTGGTTTTCATCTTCGTCATTCTGACTTGACATTGGCGACCATGGGGTTGGAAATGATGTCTATGGTCTGTGCAAGCAATGAGAAATTTACGGTGATCAAAGATGCAACCATTAGCTCGTGCACAAGGCTGCAAAATACAGAACACCAGAAAGAAGTTGTCAGAGCAAGATACAGGAATAGTTACAGCTGCAAGTTAATTACTCTATATCTCAAGTGAGGAAGGGAAACCGGAAAGGGAGTAGTAATAGACCAAATGATAGGTTCTTGGACATCGATCAACCCGACAGCCAGTGGTTGCCCCAGGTCTATCACAGCGAGTGCATTTTAATGACCTCCCTCTGAAAAGTGCTGCCCTTATATTCTTTAAGCATCCTACACCAGCAAAATAAACCTCGGGACTCCATACGGCACAGTTCTGATGAACCCAAGTTCCAGAAATTCCATAACGATCGTTTATAGGGCCCAAGAGACGGCCAAGCCATCCAGGATCATCCCCAAAACCATCCAATATGTCATACTTTTGCTCCTCTGAAGATG
GGJX01000097	TTTGAGCCAAGAAACTGCTGATTTTTTCATATCTGAATTAAAATATTTTACTAGTCTTGTAACTGCAAATCAATGGCAGAGACACCAGCTGATTTGAGTAAAAAGTTTACAGATGAATCAATCAAAAAGGCTTCATCTCAGTTGCAATTAACTCTATGAGAGAACCAAGGCAGAAACTATCATATTTACAATGCAAAGAGCGGTCATCTTCAGTACTCACCGGAACCAATATTCCATCTTTGAAAACGAATACTGGTTCAAGCCAAGTCTTAGGTCTTCGATATGTATTTCCCTCATCTAAGCTCCCTTGCATTTCAGCAGAATGACTGCAACATTCGACAGAGGCAAGAAAATTACCGGATAAGCGTTTGCAAAAACATGCTTCGTTTTCTGGACATTCCTCATGATCTTTGACCTTCGCTTCCTGCATGGTACCATTGTTTTTCACAGAGATGAACTTTCTAACAGCAGAAATAAGCTCCACTGATAATGAAGAAACCGCATCATGTATACCCTCTGTTGTGATGGAACTCCTACCAAGTCTCAATTCGCGAGTAACTAATTTATGCATTGAATCTTGGAGGATGGAGACGCACTGGGAGCAGCAACGGTACAAGCACACCAAGCTAGGGTCATCCTGAGGATTGGTTCTTCCAGTCGTTTCAACTTGTTCAACTGGTTCAGGCATGTTGTTTGCGGATTCTAATCCATGAACTCCATCCCAGGCTTTACCGTTATTTGAGTCAGCTGATTTGTGGGGATCTTCCAGGGATATAGAATTGGAATCCCCAGATCCATTAGGATTGTCTAGGGAATCAGCTTTTTCTTGCAAAGAAATTACTGTTCCTGTAGTTTCTACCTCGCATGATCCATGTGGAGTTTCATTCTGTTCATGGTCAGCTGCAGGAGAGTTAAGATCAAGGAGAACAGCCTGCCGAAAGGGATTCACTCCTGAATCCTCAATCATCATTTCAGTATCTGAAATAACATCAACATTCTCTTTGACCAAAGTTAAGCCATCCGTACTGTGGGTTGTAAGATGTCCAGTATCTTCAAGAAAAGATTCATGATTTGTTCCATTATGACCATTTGCAATCTCTACAACTGGCTGATGATTGTCGGTAAGATTACTAGATGCTATAGGGTCTGGACAATTCATGTTTTGGGTATCTTCTTTCAGGTCTTCTTCTGACCCTTTTAATTGATCAGATGTTCCTTGCTCAGTTGGCTCATTCCTCACTGATGGATTGACTACAGAACAAGGTAATGGATTCGTTGACTCTGTTTGAGTGGTTGATTCGAAACTTCGCATCGCGTATACCCAACTATTAACCAGATCTTCCAGATAAGCAACTTGAGACAAAATTCGAATATATCGACATCTGTCCTTTCCAGCATTAATTTTAACACTGATCCGTCCAACTAAGAGCTCCAGAACTTTCCGTACCTCAAATGAGACTTCCCTCAGCGATATATAGGTTCCTCTATACGCTGATAATCCAACAGCAGTAAGACCTCTGACAATTCCAGTGGAATCTTTTCCTTTAACATTGTTGGAATCGGAAGAAGTAATAGTCTGCTCCGAGGAATTACAAGGGCGAGTGATACACGAATTAAATGGCCATCCCCTCCAAGGACCAGAAACATCTGCACTTGGCCCTTCCTTAAGCTTTGATGTCACCCAGCAAAGTTCAGCAAATTGAGGATACTGTAGTATTTGATAACCAAATGTGGAGACAGCTAACTGCAGGCTTGATTTTGGTTTCACATTGATGTTGATAGGTAATGGTGGAACTTTTAAAGAACCATCATCAAGACGTTTTGATTTAACAACTGCTTCTTCCCCTGCTCTGTGATCAGTATTATTCTGAGGAGCTGCATCTCTGCAACCCTGGTCAAGATCCTCTCCTTTGTATTTCTTCTTTAAGCCACAGTGAGTATGGGATCCCTGATGCACCAAATGAAGAAATACTTGGATTGCCCGCCTTAACAACTCAGTAGCAGACAGGTCAATGGCTATATCCTGGTCAGAACTTTCAACAACTTGTACATTGAATTGTGGAACAGCCTCAGACATAGTTGGCTGACACTCCTTTGATAGGTCAGTCTTAAAGAACTGTTGTATCTTAGGAGGCAGGAGTTTGTAGGGCATGCCAGAAGTAGCCAGAATCATCATCTTTGTGGAAACTCGCAGCGTTTCTACTTGCTCAAAAAATGTGTTCCAAGCATGTGAAACTCGAACACCATTCTGCAATGCCTTTTCCTCTCCCATTTCTGAACAATTTTCCTGTACAGAATCATCATCACACTCGACCTCTTCATTCAGAGGAGTTTCTGTCTTTACAGCCCACAAGTCAACCCTTGGCATGAATACCACACATGATTTCTTGCTAGCACATTTAATTAATAAGTGAGTTACACCTAGCACCAGATCCCCATTTCCTTCTTGTGAAATTGTTGCTGTGTCTATCTTTAGCATCTCTGCATTACCAATAAAACAATGCAAGACACAAGAAGCAAGATGTCGTTGACCAGATTTAGGTCCTCCAGCAATAAGTAGTTGGAACCCTGACTTGCTCGTTGATTCTACAGAGGCATTCCCCAAAACCCCAGGATGTCTGCAGACTCTAGGTACCATGAATTTTGCAGAACCCAAACTACAGTCGCCAGTACCAGGAATGCTTGCAACAGATCCAACCAAGTCACATCCTCCATCCAGTATCCCAGTACAAGAAAGTCTTTGTACTATATCCTTTACAACATCTACTTCATGGAGAAGGGTATCAACATGAGACCACCAACAACCCTCAGTTATCTTCTTGTCGCTCAAAGCAGAACGGATCACATTTTGGACATCAACCGCAGCTTTGGAAAGAAGAGGTGGTAGGAAGATACGTTCATCAAGATGAAGAGCAACAAGTAAAGAACATAATGGCGGCAATAAAGAAGGTACCAAGTAAGTAGGAAGCGGAGAAGAAAATATATCACTAGCTGCTATTCCTGCTCCTCTACGTGAACATGGGGGTGGAGAGCGGGATAAAGCTTCCAACCAATCTCTTTCTTCAACTGAGAAGGATGGAAGAGCAGCACGATTACTGCTAGACACTCCCAACTCTGCAGCGGCCAAAGATTCTTGTAAAGGGAAACTCCTATTTAAGGCAATCATGGCAGCTTGTGTGCAGAGAGCTTGTATATCAGCACCAGCAAAACCGGCAGTTTCTTTAGCAATCCACTTGAGCAAGTATCCAGACACCGGCTTAGGCCATTTCCTAGTGTGGAGTGAGATGATTGCAGCCCTATCGTCGACTGATGGTAGTGGAAAATAGATCTCCCTATCAAACCTCCCAGGCCTCCTTAATGCTGGGTCAATAGCATCAGGGTAGTTGGTTGCACCTATGACCACCACTGAGCCACGTGACTTTAAGCCATCTAGTAAAGCCAGTAATGTGGATACAACGGAGCTATGAGTTTGATCTTGCTGCCTTGACCGCTTTGGAGCGAGACCATCTATTTCATCAAAAAATATGATGGATGGTTGGCATTTTTCAGCGACCTGAAACAAGAGCCTCAACTGGCGCTCAGCATCACCAACATATTTTCCCAAACAGTCTGCCCCTTTGCGAGCAAAGTAGGCAATCCGTCTATTCCCACGAGCAAGGGAACCGATCAGCGCTCGAACCACAAGAGTTTTCCCAGTTCCAGGATGTCCATGTAAGAGGATGCCTCTTGGAGGTGTAAGTCCAAGGTTATCAAAGAATTCTGGATATAGTAAGGGTATAAGAACAACCTCTTTCATACATTGAGTTACACCTTCAAGCCCAGCAACAGAGTCCCATCCCTCAAATGCCTTTCCACTCTCAGAATCAGAACCTCCAATATACTCAGGAGCAACTCTTAATAGATCTCGATGCAGTCTCTTGCTTTCACGTTTTAAAAATTCTTCATCTTCACCACATTTCTCAAACCACTTTTCTTCCGCTTCCACATCCTTGCGCCAGGCATCATTTGAGTGCTTCTTCATCTCCAATCGCATCCTCTTGGTTTTCATCTTCGTCATTCTGACTTGACATTGGCGACCATGGGGTTGGAAATGATGTCTATGGTCTGTGCAAGCAATGAGAAATTTACGGTGATCAAAGATGCAACCATTAGCTCGTGCACAAGGCAAATGATAGGTTCTTGGACATCGATCAACCCGACAGCCAGTGGTTGCCCCAGGTCTATCACAGCGAGTGCATTTTAATGACCTCCCTCTGAAAAGTGCTGCCCTTATATTCTTTAAGCATCCTACACCAGCAAAATAAACCTCGGGACTCCATACGGCACAGTTCTGATGAACCCAAGTTCCAGAAATTCCATAACGATCGTTTATAGGGCCCAAGAGACGGCCAAGCCATCCAGGATCATCCCCAAAACCATCCAATATGTCATACTTTTGCTCCTCTGAAGATG
GGJX01000098	GTTGCGACTACTCAGTTTCTTCTCCGGCGAAGAAGAGGATAACGAAAAGAAAACACATAGCTATGAACGGAGCTTCGCTCTGCAACTCCGTTTTGCTTCATTCTCATTCTCTCTCTCGTTTTCAGTCATCCTCTTCTTCTTGTTCTGTGTATCTGATTTCTTCTGCGCGTACTACGTCTAAGTATATCTCAATTTCTCATAGAATTCGACAGAGCTTTCGAGAAGTTATTGAAAAAAGGAGTAATGGGTTTTGTTCATTCGCTGTAAACAAGCGTAGAAGTGGCGATTCCGTTATTGTGGAGTCAGACGATGATGATGAAGAAGATGATGAAGATTGGGGTGAATTTGATGGAGAAGATGAAGGAGAAGAAGAAGAAGAAGATGAAGGAGAGTTCTTACCAATGGATAAGATGAAGAAATGGTTAGAGAAAAAGCCTCGTGGATTTGGTTTAGGTAAAAAGTACGAAACTTTAATTGAAGATAAGTTGCTCGACGAAATTGAGCAAAGTTGGAAAGCTCAAGCTGCTAATCTCAATAAGCTTAAGAATGATCCTCTCAAGTCTCAACAGCTTAAGCGTGACGATAATCTCCTCAAAGGAACTGGAGAAACTCAAATTGGGTTTCGTGTTCGTGTGACTAATCTTCCTAAGAAGAAGAATGTTCATAGAGATCTTAAGGTTGCGTTTAAAGAAGTAAGTGGCGTTTTGAGTATAACACCAGCTGTGTCTGGGAATAAGAAGACTAAGGATCCTGTGTGTAAAGGATTTGCTCATGTTGATTTCAAAACTGAGATTGATGCAAACAGGTTTGTGAAACAGTTCACGGGACAGAGCTTAGCATTTGGGAAGGTTATAAAGCAAATCAAATGTCAGGTTGTGGAGTTTACTTCTGATGATTCTGTATCGAAGGAAGTGTACTTAGATAACGGTTTCAAGGTGCAGAAGCTTCCGTATTCTGGTCTTGAAGGAGATTCTAGTGCTGATGTTGTTGAAGAAGAGGTTTTGTTGGGTTCAGGGGAAGAATCGGATGATTCAGAAGAAGAGGTAGATGAAAGAGAAGTGGAAGACGATGAGCGGAATCATATCTCTAGTAGCATAGAATCTTCTCCCATTGAAATGACACGTGATTCGAATACCAAGTTAAAGTTTGAGAAACAAGTTGTGAAGCGAGAGATAAGAGAACATGAGGAACTAGAGACACCTTTAGTTTCATTCCAGGTGAATAAATCTGAGGAAGCTGCAGCGGAAACACACTTGGATGATGAACAATCTGAGGAAGCTGTAGCAGAAACACTCTTGAATGATGAACTTGATGGGGATGATGAAGAAGAAGTTGCTGAAGACAATCTTGAACCTCTGAACAGTTCATTGTCATCCTCAGAAGAAAATAGAGTAGATAGAATCCGTAGGCTAGAGCAAAAGCTTCTCGGTAAAGAAAAACTCTTGGGTGGAGGAGTTGGCTTTGATAAACCAGAAGCAAAACCCGCTAGAGTTGAAGGAAAGAAGAAGGAGAAAAAGAAGAA
GGJX01000099	AGAAGAAGGAGAAAAAGAAGAAGACAAAGATTCTTGTGAAAGGCCAAGCCAAAAAGGGGACAAAGATAGAAATCCCTGGATCATCAAAGAGGTTAAAGGTGAAGGAGAAGGCTCTATTAACTGGCGTCTTAGTCAAGTATGCGGCTAAAGTTGCTTCAACCTCAAACAATGATGAATGATATCATTAACAAGTGATCAAATTTTGATATAATCTTTCATCAACTGCTAGTAGTGAGCCATCTTCGATTTGTTTTTATAAAAGTGTTACATGAATAGGTGATAACGTTACGTGGGGAAATGCTATTTTTTCTTTCTACATCTTCATCAATTTGTGGAGACAGCAACGTTCATAAACTACATTTTCAGACTTAAAAATTGAAACTTGGCAGGTAATACAAACCGGATTTTCACTCGGCTTTTAATCGGTTTCAATTTCGGATTAGAGAAAACTCTAACCAGAGTTGTATGAAT
GGJX01000100	TGTAAATTAGCTGTCAAATTAAATACATAAGATTCTCTTTTAACTTTTTTGTCAAAAAGGAAATATTCCAATTAGTAACTTTTCTTTTTTTCCTTTTTCTCTGCAATTATGACCATTTTCTCTCTCTTAGCCGGCTCTAGAGAGAGAAGAAAGACAGAGCTGAAACTCTTGTAAACCAAAAAACACAAAAGTCTCTTTGTTCAAACACTCGTTTACGCGTAGCCGAAATAAATTTTCCAAAAACCCATATCCGAAAAAGTCGATATATTTATTGAATTTTTGGAACCAAGGAGACGAAGAATTTACACGGTTTTTGAAGAAGAAGAAGAAGATGAAGTATAAGCGTAAGCTAAGTCTCTCTGTTGTCTTCCTCTTTGTCTTCTATCTCGCTGCGGTGACTTCAGATCTAGAGTCTGACCGGAGAGCTTTACTCGCTGTTCGTAACAGTGTCCGTGGCCGTCCTTTGCTATGGAACATGAGTGCTTCTTCTCCTTGTAATTGGCACGGAGTCCACTGCGATGCGGGTCGGGTCACGGCTCTCCGATTACCCGGATCTGGTTTATTCGGTTCTTTACCAATCGGTGGTATTGGTAATCTAACCCAGCTTAAGACTCTTTCTCTCCGGTTCAATTCTCTCTCTGGTCCTATCCCTTCGGATTTCTCCAACCTTGTTCTCCTCCGTTACTTGTATCTTCAAGGTAATGCCTTTTCCGGTGAGATTCCGTCGCTTCTCTTCACGCTTCCGAGCATAATCAGAATCAATCTAGGGGAGAATAAATTCTCGGGTCGGATCCCGGATAATGTCAATTCTGCGACCCGGTTGGTTACTCTGTATTTGGAGAGGAATCAACTCTCTGGTCCGATCCCTGAGATCACGCTTCCTCTTCAGCAATTCAATGTTTCTTCTAATCAGTTAAACGGGTCTATTCCGAGTTCGTTGTCGTCTTGGCCTCGAACTGCTTTTGAAGGTAACACTCTCTGTGGGAAGCCTTTAGACACTTGTGAGGCAGAGAGCCCCAATGGTGGTGACGCTGGAGGACCCAATACGCCGCCGGAGAAGAAAGATAGCGACAAGTTATCCGCCGGAGCTATTGTCGGGATTGTGATCGGATGTGTTGTTGGTCTGTTACTGCTTCTTTTGATTCTGTTCTGTCTCTGTAGAAAGAGAAAGAAAGAAGAGAACGTTCCATCTAGGAATGTTGAAGCTCCTGTCGCTGCTGCGACTTCCTCCGCTGCTATACCAAAGGAAACGGTGGTTGTTGTCCCGCCGGCTAAGGCTACGGGGTCGGAGAGTGGTGCGGTGAATAAAGATTTGACCTTTTTCGTGAAATCTTTCGGGGAATTCGATTTGGATGGATTGTTGAAGGCTTCAGCTGAGGTTCTTGGGAAAGGAACAGTTGGGTCGTCGTATAAGGCAAGCTTTGAGCATGGGTTAGTGGTGGCTGTGAAACGGTTAAGAGATGTTGTGGTGCCTGAGAAAGAGTTCAGAGAGAGATTGCATGTTTTGGGATCAATGAGTCATGCCAATCTCGTGACTCTGATCGCTTACTATTTCAGCCGTGACGAGAAGCTTCTTGTCTTTGAGTACATGTCTAAAGGAAGCTTGTCTGCGATATTGCACGGGAACAAAGGAAACGGGAGAACTCCGTTGAACTGGGAAACCAGAGCCGGTATAGCCTTAGGAGCTGCAAGAGCGATTAGCTACCTACATTCGCGTGATGGGACAACTTCTCATGGAAACATTAAGTCCTCGAACATACTATTATCTGACTCCTATGAAGCTAAGGTCTCTGATTACGGTCTTGCTCCCATCATTAGTTCTACATCTGCACCTAACCGTATTGATGGCTACCGTGCCCCTGAAATCACTGATGCTCGCAAAATATCCCAAAAAGCTGATGTCTATAGCTTTGGCGTCCTAATCCTTGAATTACTCACAGGTAAGTCTCCAACGCATCAGCAGTTGAATGAAGAAGGCGTAGATTTGCCGAGATGGGTCCAATCTGTTACCGAGCAACAAACACCGTCCGATGTGCTTGATCCCGAGCTCACAAGGTACCAACCTGAGGGCAATGAGAACATCATTCGTTTATTGAAGATCGGTATGAGCTGTACGGCTCAGTTCCCAGATAGTCGTCCTTCGATGGCTGAAGTCACCAGACTCATTGAGGAGGTTTCTCATTCATCTGGCTCCCCAAATCCTGTATCCGACTGATTTTTTGGGGGTCTAAATTGATTGATTTGAATATTGTTTGGGGTCAAGTTGCAATTTCTTGAATAGTGTCGACCCCACTTCCCGCCTTTTTTCTACTTCTTCTTCTTTGTTCTTGTTCTAGTTTGTTCGTTAATTCTTGAGCCTCAAATTGAGATGAGACCTATCAGTTTCTTTTTTTCTTTCTTTCTACTTTTCTTTATTTCCAAAGTTTTAAAAATGTCTATAAAACTATTGCTTTTGCTAATTTTTGTATAAATATATAGTTGATTGCGTGTGAATAAATTGGTTTTTGTTTTCTTCTTTACACATCTTATCCCAGAATCCTAGTCAACGATTCAGCCAAAAAACAATGTCAACGAGTTTTATTTTTTATCGCCGTCCAAAATTTTGAGCCAAAAACAAAGTCAACGACAAAAGTGGTCATGAATATCGTCTCACGATTGACTGACAAATACTTCACGATTTGATTAGATATGAAGTTTTATAATGTGAAGTTGGTAACCACTAACTAATAACCCTACTTCACAGGAGAAAGAAAAAACATTTTAGATATGAAAAAACAACATTGACCCAGAAAGATATATATTTGCTTAGAGATTTTGTATGAAAGAATTACTAGTGCTGATAAACTATTTAGTTCAAGCTTAAAGGGAAATCGATTAGATAATTTTTCGAATTATTTGAAGAAAACATATTGTGATCTGGACTTATAATTTTTCATGTGATATACCATTTACACCGAGTCATGG
